#,Date-Time (EST),Ch: 1 - Temperature   (Â°C),Host Connected,End of File
1,06/01/2021 11:52:47,28.83,,
2,06/01/2021 11:53:20,,Logged,
3,06/01/2021 11:53:47,28.18,,
4,06/01/2021 11:54:47,27.54,,
5,06/01/2021 11:55:47,26.94,,
6,06/01/2021 11:56:47,26.55,,
7,06/01/2021 11:57:47,26.17,,
8,06/01/2021 11:58:47,25.78,,
9,06/01/2021 11:59:47,25.48,,
10,06/01/2021 12:00:47,25.22,,
11,06/01/2021 12:01:47,24.97,,
12,06/01/2021 12:02:47,24.84,,
13,06/01/2021 12:03:47,24.62,,
14,06/01/2021 12:04:47,24.32,,
15,06/01/2021 12:05:47,24.24,,
16,06/01/2021 12:06:47,23.94,,
17,06/01/2021 12:07:47,23.64,,
18,06/01/2021 12:08:47,23.42,,
19,06/01/2021 12:09:47,23.38,,
20,06/01/2021 12:10:47,23.46,,
21,06/01/2021 12:11:47,23.38,,
22,06/01/2021 12:12:47,23.34,,
23,06/01/2021 12:13:47,23.21,,
24,06/01/2021 12:14:47,23.25,,
25,06/01/2021 12:15:47,23.25,,
26,06/01/2021 12:16:47,23.16,,
27,06/01/2021 12:17:47,23.21,,
28,06/01/2021 12:18:47,23.29,,
29,06/01/2021 12:19:47,23.21,,
30,06/01/2021 12:20:47,23.25,,
31,06/01/2021 12:21:47,23.25,,
32,06/01/2021 12:22:47,23.25,,
33,06/01/2021 12:23:47,23.16,,
34,06/01/2021 12:24:47,23.12,,
35,06/01/2021 12:25:47,23.08,,
36,06/01/2021 12:26:47,22.99,,
37,06/01/2021 12:27:47,22.99,,
38,06/01/2021 12:28:47,23.03,,
39,06/01/2021 12:29:47,23.08,,
40,06/01/2021 12:30:47,23.03,,
41,06/01/2021 12:31:47,22.99,,
42,06/01/2021 12:32:47,22.95,,
43,06/01/2021 12:33:47,22.99,,
44,06/01/2021 12:34:47,22.95,,
45,06/01/2021 12:35:47,22.95,,
46,06/01/2021 12:36:47,22.99,,
47,06/01/2021 12:37:47,22.99,,
48,06/01/2021 12:38:47,22.95,,
49,06/01/2021 12:39:47,22.91,,
50,06/01/2021 12:40:47,22.86,,
51,06/01/2021 12:41:47,22.78,,
52,06/01/2021 12:42:47,22.91,,
53,06/01/2021 12:43:47,22.99,,
54,06/01/2021 12:44:47,23.12,,
55,06/01/2021 12:45:47,23.21,,
56,06/01/2021 12:46:47,23.16,,
57,06/01/2021 12:47:47,23.25,,
58,06/01/2021 12:48:47,23.25,,
59,06/01/2021 12:49:47,23.21,,
60,06/01/2021 12:50:47,23.12,,
61,06/01/2021 12:51:47,23.21,,
62,06/01/2021 12:52:47,23.21,,
63,06/01/2021 12:53:47,23.25,,
64,06/01/2021 12:54:47,23.25,,
65,06/01/2021 12:55:47,23.34,,
66,06/01/2021 12:56:47,23.42,,
67,06/01/2021 12:57:47,23.38,,
68,06/01/2021 12:58:47,23.46,,
69,06/01/2021 12:59:47,23.51,,
70,06/01/2021 13:00:47,23.55,,
71,06/01/2021 13:01:47,23.46,,
72,06/01/2021 13:02:47,23.51,,
73,06/01/2021 13:03:47,23.64,,
74,06/01/2021 13:04:47,23.64,,
75,06/01/2021 13:05:47,23.72,,
76,06/01/2021 13:06:47,23.76,,
77,06/01/2021 13:07:47,23.76,,
78,06/01/2021 13:08:47,23.68,,
79,06/01/2021 13:09:47,23.59,,
80,06/01/2021 13:10:47,23.51,,
81,06/01/2021 13:11:47,23.55,,
82,06/01/2021 13:12:47,23.46,,
83,06/01/2021 13:13:47,23.51,,
84,06/01/2021 13:14:47,23.51,,
85,06/01/2021 13:15:47,23.59,,
86,06/01/2021 13:16:47,23.55,,
87,06/01/2021 13:17:47,23.55,,
88,06/01/2021 13:18:47,23.46,,
89,06/01/2021 13:19:47,23.59,,
90,06/01/2021 13:20:47,23.59,,
91,06/01/2021 13:21:47,23.64,,
92,06/01/2021 13:22:47,23.64,,
93,06/01/2021 13:23:47,23.59,,
94,06/01/2021 13:24:47,23.59,,
95,06/01/2021 13:25:47,23.64,,
96,06/01/2021 13:26:47,23.64,,
97,06/01/2021 13:27:47,23.72,,
98,06/01/2021 13:28:47,23.76,,
99,06/01/2021 13:29:47,23.76,,
100,06/01/2021 13:30:47,23.59,,
101,06/01/2021 13:31:47,23.55,,
102,06/01/2021 13:32:47,23.55,,
103,06/01/2021 13:33:47,23.51,,
104,06/01/2021 13:34:47,23.46,,
105,06/01/2021 13:35:47,23.51,,
106,06/01/2021 13:36:47,23.51,,
107,06/01/2021 13:37:47,23.46,,
108,06/01/2021 13:38:47,23.51,,
109,06/01/2021 13:39:47,23.55,,
110,06/01/2021 13:40:47,23.51,,
111,06/01/2021 13:41:47,23.51,,
112,06/01/2021 13:42:47,23.51,,
113,06/01/2021 13:43:47,23.46,,
114,06/01/2021 13:44:47,23.51,,
115,06/01/2021 13:45:47,23.59,,
116,06/01/2021 13:46:47,23.51,,
117,06/01/2021 13:47:47,23.51,,
118,06/01/2021 13:48:47,23.51,,
119,06/01/2021 13:49:47,23.55,,
120,06/01/2021 13:50:47,23.59,,
121,06/01/2021 13:51:47,23.59,,
122,06/01/2021 13:52:47,23.55,,
123,06/01/2021 13:53:47,23.59,,
124,06/01/2021 13:54:47,23.51,,
125,06/01/2021 13:55:47,23.46,,
126,06/01/2021 13:56:47,23.46,,
127,06/01/2021 13:57:47,23.46,,
128,06/01/2021 13:58:47,23.51,,
129,06/01/2021 13:59:47,23.51,,
130,06/01/2021 14:00:47,23.59,,
131,06/01/2021 14:01:47,23.59,,
132,06/01/2021 14:02:47,23.64,,
133,06/01/2021 14:03:47,23.68,,
134,06/01/2021 14:04:47,23.72,,
135,06/01/2021 14:05:47,23.85,,
136,06/01/2021 14:06:47,23.89,,
137,06/01/2021 14:07:47,23.94,,
138,06/01/2021 14:08:47,24.02,,
139,06/01/2021 14:09:47,24.02,,
140,06/01/2021 14:10:47,24.06,,
141,06/01/2021 14:11:47,23.98,,
142,06/01/2021 14:12:47,23.94,,
143,06/01/2021 14:13:47,23.98,,
144,06/01/2021 14:14:47,24.02,,
145,06/01/2021 14:15:47,24.06,,
146,06/01/2021 14:16:47,24.06,,
147,06/01/2021 14:17:47,24.06,,
148,06/01/2021 14:18:47,24.02,,
149,06/01/2021 14:19:47,24.02,,
150,06/01/2021 14:20:47,24.06,,
151,06/01/2021 14:21:47,24.02,,
152,06/01/2021 14:22:47,24.02,,
153,06/01/2021 14:23:47,23.98,,
154,06/01/2021 14:24:47,23.89,,
155,06/01/2021 14:25:47,23.94,,
156,06/01/2021 14:26:47,23.94,,
157,06/01/2021 14:27:47,24.02,,
158,06/01/2021 14:28:47,24.02,,
159,06/01/2021 14:29:47,24.11,,
160,06/01/2021 14:30:47,24.11,,
161,06/01/2021 14:31:47,24.15,,
162,06/01/2021 14:32:47,24.19,,
163,06/01/2021 14:33:47,24.06,,
164,06/01/2021 14:34:47,24.02,,
165,06/01/2021 14:35:47,23.81,,
166,06/01/2021 14:36:47,23.76,,
167,06/01/2021 14:37:47,23.89,,
168,06/01/2021 14:38:47,23.89,,
169,06/01/2021 14:39:47,23.85,,
170,06/01/2021 14:40:47,23.89,,
171,06/01/2021 14:41:47,23.89,,
172,06/01/2021 14:42:47,23.94,,
173,06/01/2021 14:43:47,23.98,,
174,06/01/2021 14:44:47,24.02,,
175,06/01/2021 14:45:47,24.02,,
176,06/01/2021 14:46:47,24.11,,
177,06/01/2021 14:47:47,24.02,,
178,06/01/2021 14:48:47,24.02,,
179,06/01/2021 14:49:47,24.06,,
180,06/01/2021 14:50:47,24.11,,
181,06/01/2021 14:51:47,24.06,,
182,06/01/2021 14:52:47,24.15,,
183,06/01/2021 14:53:47,24.11,,
184,06/01/2021 14:54:47,24.06,,
185,06/01/2021 14:55:47,24.11,,
186,06/01/2021 14:56:47,24.11,,
187,06/01/2021 14:57:47,23.98,,
188,06/01/2021 14:58:47,23.94,,
189,06/01/2021 14:59:47,23.98,,
190,06/01/2021 15:00:47,23.94,,
191,06/01/2021 15:01:47,23.89,,
192,06/01/2021 15:02:47,23.94,,
193,06/01/2021 15:03:47,23.94,,
194,06/01/2021 15:04:47,23.98,,
195,06/01/2021 15:05:47,24.06,,
196,06/01/2021 15:06:47,24.11,,
197,06/01/2021 15:07:47,24.15,,
198,06/01/2021 15:08:47,24.19,,
199,06/01/2021 15:09:47,24.19,,
200,06/01/2021 15:10:47,24.19,,
201,06/01/2021 15:11:47,24.19,,
202,06/01/2021 15:12:47,24.19,,
203,06/01/2021 15:13:47,24.19,,
204,06/01/2021 15:14:47,24.15,,
205,06/01/2021 15:15:47,24.19,,
206,06/01/2021 15:16:47,24.19,,
207,06/01/2021 15:17:47,24.19,,
208,06/01/2021 15:18:47,24.15,,
209,06/01/2021 15:19:47,24.11,,
210,06/01/2021 15:20:47,23.98,,
211,06/01/2021 15:21:47,24.02,,
212,06/01/2021 15:22:47,24.15,,
213,06/01/2021 15:23:47,24.28,,
214,06/01/2021 15:24:47,24.41,,
215,06/01/2021 15:25:47,24.54,,
216,06/01/2021 15:26:47,24.54,,
217,06/01/2021 15:27:47,24.62,,
218,06/01/2021 15:28:47,24.71,,
219,06/01/2021 15:29:47,24.79,,
220,06/01/2021 15:30:47,24.88,,
221,06/01/2021 15:31:47,24.88,,
222,06/01/2021 15:32:47,24.71,,
223,06/01/2021 15:33:47,24.75,,
224,06/01/2021 15:34:47,24.79,,
225,06/01/2021 15:35:47,24.79,,
226,06/01/2021 15:36:47,24.84,,
227,06/01/2021 15:37:47,24.88,,
228,06/01/2021 15:38:47,24.92,,
229,06/01/2021 15:39:47,24.84,,
230,06/01/2021 15:40:47,24.92,,
231,06/01/2021 15:41:47,24.97,,
232,06/01/2021 15:42:47,24.97,,
233,06/01/2021 15:43:47,24.88,,
234,06/01/2021 15:44:47,24.97,,
235,06/01/2021 15:45:47,24.97,,
236,06/01/2021 15:46:47,24.97,,
237,06/01/2021 15:47:47,25.01,,
238,06/01/2021 15:48:47,25.05,,
239,06/01/2021 15:49:47,25.18,,
240,06/01/2021 15:50:47,25.18,,
241,06/01/2021 15:51:47,25.18,,
242,06/01/2021 15:52:47,25.01,,
243,06/01/2021 15:53:47,24.84,,
244,06/01/2021 15:54:47,24.84,,
245,06/01/2021 15:55:47,24.88,,
246,06/01/2021 15:56:47,24.88,,
247,06/01/2021 15:57:47,24.92,,
248,06/01/2021 15:58:47,25.05,,
249,06/01/2021 15:59:47,25.09,,
250,06/01/2021 16:00:47,25.22,,
251,06/01/2021 16:01:47,25.22,,
252,06/01/2021 16:02:47,25.22,,
253,06/01/2021 16:03:47,25.22,,
254,06/01/2021 16:04:47,25.22,,
255,06/01/2021 16:05:47,25.22,,
256,06/01/2021 16:06:47,25.22,,
257,06/01/2021 16:07:47,25.22,,
258,06/01/2021 16:08:47,25.22,,
259,06/01/2021 16:09:47,25.14,,
260,06/01/2021 16:10:47,25.09,,
261,06/01/2021 16:11:47,25.09,,
262,06/01/2021 16:12:47,25.14,,
263,06/01/2021 16:13:47,25.05,,
264,06/01/2021 16:14:47,25.05,,
265,06/01/2021 16:15:47,25.01,,
266,06/01/2021 16:16:47,25.09,,
267,06/01/2021 16:17:47,25.14,,
268,06/01/2021 16:18:47,25.18,,
269,06/01/2021 16:19:47,25.14,,
270,06/01/2021 16:20:47,25.05,,
271,06/01/2021 16:21:47,25.01,,
272,06/01/2021 16:22:47,25.05,,
273,06/01/2021 16:23:47,25.01,,
274,06/01/2021 16:24:47,25.09,,
275,06/01/2021 16:25:47,25.09,,
276,06/01/2021 16:26:47,25.05,,
277,06/01/2021 16:27:47,25.01,,
278,06/01/2021 16:28:47,25.05,,
279,06/01/2021 16:29:47,25.14,,
280,06/01/2021 16:30:47,25.14,,
281,06/01/2021 16:31:47,25.18,,
282,06/01/2021 16:32:47,25.09,,
283,06/01/2021 16:33:47,25.09,,
284,06/01/2021 16:34:47,25.05,,
285,06/01/2021 16:35:47,25.01,,
286,06/01/2021 16:36:47,24.97,,
287,06/01/2021 16:37:47,24.97,,
288,06/01/2021 16:38:47,24.97,,
289,06/01/2021 16:39:47,24.97,,
290,06/01/2021 16:40:47,25.01,,
291,06/01/2021 16:41:47,25.01,,
292,06/01/2021 16:42:47,25.05,,
293,06/01/2021 16:43:47,25.09,,
294,06/01/2021 16:44:47,25.01,,
295,06/01/2021 16:45:47,25.05,,
296,06/01/2021 16:46:47,25.01,,
297,06/01/2021 16:47:47,24.88,,
298,06/01/2021 16:48:47,24.84,,
299,06/01/2021 16:49:47,24.97,,
300,06/01/2021 16:50:47,25.05,,
301,06/01/2021 16:51:47,25.01,,
302,06/01/2021 16:52:47,25.05,,
303,06/01/2021 16:53:47,25.09,,
304,06/01/2021 16:54:47,25.14,,
305,06/01/2021 16:55:47,25.05,,
306,06/01/2021 16:56:47,25.09,,
307,06/01/2021 16:57:47,25.05,,
308,06/01/2021 16:58:47,25.05,,
309,06/01/2021 16:59:47,25.05,,
310,06/01/2021 17:00:47,25.05,,
311,06/01/2021 17:01:47,25.18,,
312,06/01/2021 17:02:47,25.27,,
313,06/01/2021 17:03:47,25.31,,
314,06/01/2021 17:04:47,25.35,,
315,06/01/2021 17:05:47,25.48,,
316,06/01/2021 17:06:47,25.44,,
317,06/01/2021 17:07:47,25.35,,
318,06/01/2021 17:08:47,25.35,,
319,06/01/2021 17:09:47,25.31,,
320,06/01/2021 17:10:47,25.27,,
321,06/01/2021 17:11:47,25.22,,
322,06/01/2021 17:12:47,25.18,,
323,06/01/2021 17:13:47,25.18,,
324,06/01/2021 17:14:47,25.22,,
325,06/01/2021 17:15:47,25.18,,
326,06/01/2021 17:16:47,25.18,,
327,06/01/2021 17:17:47,25.14,,
328,06/01/2021 17:18:47,25.09,,
329,06/01/2021 17:19:47,25.14,,
330,06/01/2021 17:20:47,25.14,,
331,06/01/2021 17:21:47,25.22,,
332,06/01/2021 17:22:47,25.22,,
333,06/01/2021 17:23:47,25.22,,
334,06/01/2021 17:24:47,25.27,,
335,06/01/2021 17:25:47,25.22,,
336,06/01/2021 17:26:47,25.22,,
337,06/01/2021 17:27:47,25.22,,
338,06/01/2021 17:28:47,25.27,,
339,06/01/2021 17:29:47,25.22,,
340,06/01/2021 17:30:47,25.27,,
341,06/01/2021 17:31:47,25.27,,
342,06/01/2021 17:32:47,25.27,,
343,06/01/2021 17:33:47,25.22,,
344,06/01/2021 17:34:47,25.22,,
345,06/01/2021 17:35:47,25.18,,
346,06/01/2021 17:36:47,25.14,,
347,06/01/2021 17:37:47,25.14,,
348,06/01/2021 17:38:47,25.14,,
349,06/01/2021 17:39:47,25.18,,
350,06/01/2021 17:40:47,25.18,,
351,06/01/2021 17:41:47,25.14,,
352,06/01/2021 17:42:47,25.05,,
353,06/01/2021 17:43:47,24.97,,
354,06/01/2021 17:44:47,24.88,,
355,06/01/2021 17:45:47,24.88,,
356,06/01/2021 17:46:47,24.79,,
357,06/01/2021 17:47:47,24.71,,
358,06/01/2021 17:48:47,24.79,,
359,06/01/2021 17:49:47,24.84,,
360,06/01/2021 17:50:47,24.92,,
361,06/01/2021 17:51:47,24.88,,
362,06/01/2021 17:52:47,24.88,,
363,06/01/2021 17:53:47,24.97,,
364,06/01/2021 17:54:47,24.97,,
365,06/01/2021 17:55:47,25.05,,
366,06/01/2021 17:56:47,25.09,,
367,06/01/2021 17:57:47,25.22,,
368,06/01/2021 17:58:47,25.22,,
369,06/01/2021 17:59:47,25.22,,
370,06/01/2021 18:00:47,25.18,,
371,06/01/2021 18:01:47,25.18,,
372,06/01/2021 18:02:47,25.22,,
373,06/01/2021 18:03:47,25.27,,
374,06/01/2021 18:04:47,25.22,,
375,06/01/2021 18:05:47,25.27,,
376,06/01/2021 18:06:47,25.18,,
377,06/01/2021 18:07:47,25.22,,
378,06/01/2021 18:08:47,25.22,,
379,06/01/2021 18:09:47,25.18,,
380,06/01/2021 18:10:47,25.18,,
381,06/01/2021 18:11:47,25.14,,
382,06/01/2021 18:12:47,25.18,,
383,06/01/2021 18:13:47,25.18,,
384,06/01/2021 18:14:47,25.18,,
385,06/01/2021 18:15:47,25.18,,
386,06/01/2021 18:16:47,25.18,,
387,06/01/2021 18:17:47,25.14,,
388,06/01/2021 18:18:47,25.18,,
389,06/01/2021 18:19:47,25.14,,
390,06/01/2021 18:20:47,25.05,,
391,06/01/2021 18:21:47,25.01,,
392,06/01/2021 18:22:47,24.97,,
393,06/01/2021 18:23:47,24.97,,
394,06/01/2021 18:24:33,,Logged,
395,06/01/2021 18:24:47,24.92,,
396,06/01/2021 18:25:47,24.84,,
397,06/01/2021 18:26:47,24.84,,
398,06/01/2021 18:27:47,24.84,,
399,06/01/2021 18:28:47,24.79,,
400,06/01/2021 18:29:47,24.75,,
401,06/01/2021 18:30:47,24.75,,
402,06/01/2021 18:31:47,24.79,,
403,06/01/2021 18:32:47,24.79,,
404,06/01/2021 18:33:47,24.79,,
405,06/01/2021 18:34:47,24.75,,
406,06/01/2021 18:35:47,24.79,,
407,06/01/2021 18:36:47,24.79,,
408,06/01/2021 18:37:47,24.79,,
409,06/01/2021 18:38:47,24.79,,
410,06/01/2021 18:39:47,24.79,,
411,06/01/2021 18:40:47,24.79,,
412,06/01/2021 18:41:47,24.79,,
413,06/01/2021 18:42:47,24.75,,
414,06/01/2021 18:43:47,24.75,,
415,06/01/2021 18:44:47,24.75,,
416,06/01/2021 18:45:47,24.66,,
417,06/01/2021 18:46:47,24.58,,
418,06/01/2021 18:47:47,24.62,,
419,06/01/2021 18:48:47,24.58,,
420,06/01/2021 18:49:47,24.54,,
421,06/01/2021 18:50:47,24.49,,
422,06/01/2021 18:51:47,24.45,,
423,06/01/2021 18:52:47,24.45,,
424,06/01/2021 18:53:47,24.41,,
425,06/01/2021 18:54:47,24.32,,
426,06/01/2021 18:55:47,24.32,,
427,06/01/2021 18:56:47,24.19,,
428,06/01/2021 18:57:47,24.15,,
429,06/01/2021 18:58:47,24.15,,
430,06/01/2021 18:59:47,24.06,,
431,06/01/2021 19:00:47,24.02,,
432,06/01/2021 19:01:47,23.89,,
433,06/01/2021 19:02:47,23.94,,
434,06/01/2021 19:03:47,23.94,,
435,06/01/2021 19:04:47,23.89,,
436,06/01/2021 19:05:47,23.85,,
437,06/01/2021 19:06:47,23.76,,
438,06/01/2021 19:07:47,23.76,,
439,06/01/2021 19:08:47,23.76,,
440,06/01/2021 19:09:47,23.76,,
441,06/01/2021 19:10:47,23.76,,
442,06/01/2021 19:11:47,23.81,,
443,06/01/2021 19:12:47,23.76,,
444,06/01/2021 19:13:47,23.81,,
445,06/01/2021 19:14:47,23.76,,
446,06/01/2021 19:15:47,23.76,,
447,06/01/2021 19:16:47,23.81,,
448,06/01/2021 19:17:47,23.72,,
449,06/01/2021 19:18:47,23.76,,
450,06/01/2021 19:19:47,23.68,,
451,06/01/2021 19:20:47,23.72,,
452,06/01/2021 19:21:47,23.64,,
453,06/01/2021 19:22:47,23.55,,
454,06/01/2021 19:23:47,23.59,,
455,06/01/2021 19:24:47,23.51,,
456,06/01/2021 19:25:47,23.46,,
457,06/01/2021 19:26:47,23.38,,
458,06/01/2021 19:27:47,23.34,,
459,06/01/2021 19:28:47,23.34,,
460,06/01/2021 19:29:47,23.25,,
461,06/01/2021 19:30:47,23.16,,
462,06/01/2021 19:31:47,23.16,,
463,06/01/2021 19:32:47,23.16,,
464,06/01/2021 19:33:47,23.16,,
465,06/01/2021 19:34:47,23.12,,
466,06/01/2021 19:35:47,23.08,,
467,06/01/2021 19:36:47,23.03,,
468,06/01/2021 19:37:47,23.03,,
469,06/01/2021 19:38:47,23.03,,
470,06/01/2021 19:39:47,23.03,,
471,06/01/2021 19:40:47,22.95,,
472,06/01/2021 19:41:47,22.86,,
473,06/01/2021 19:42:47,22.82,,
474,06/01/2021 19:43:47,22.73,,
475,06/01/2021 19:44:47,22.69,,
476,06/01/2021 19:45:47,22.69,,
477,06/01/2021 19:46:47,22.56,,
478,06/01/2021 19:47:47,22.52,,
479,06/01/2021 19:48:47,22.43,,
480,06/01/2021 19:49:47,22.35,,
481,06/01/2021 19:50:47,22.31,,
482,06/01/2021 19:51:47,22.22,,
483,06/01/2021 19:52:47,22.18,,
484,06/01/2021 19:53:47,22.09,,
485,06/01/2021 19:54:47,22.09,,
486,06/01/2021 19:55:47,22.09,,
487,06/01/2021 19:56:47,22.05,,
488,06/01/2021 19:57:47,22.01,,
489,06/01/2021 19:58:47,21.96,,
490,06/01/2021 19:59:47,21.96,,
491,06/01/2021 20:00:47,21.92,,
492,06/01/2021 20:01:47,21.92,,
493,06/01/2021 20:02:47,21.88,,
494,06/01/2021 20:03:47,21.83,,
495,06/01/2021 20:04:47,21.79,,
496,06/01/2021 20:05:47,21.70,,
497,06/01/2021 20:06:47,21.70,,
498,06/01/2021 20:07:47,21.62,,
499,06/01/2021 20:08:47,21.53,,
500,06/01/2021 20:09:47,21.49,,
501,06/01/2021 20:10:47,21.45,,
502,06/01/2021 20:11:47,21.45,,
503,06/01/2021 20:12:47,21.49,,
504,06/01/2021 20:13:47,21.40,,
505,06/01/2021 20:14:47,21.40,,
506,06/01/2021 20:15:47,21.36,,
507,06/01/2021 20:16:47,21.32,,
508,06/01/2021 20:17:47,21.23,,
509,06/01/2021 20:18:47,21.23,,
510,06/01/2021 20:19:47,21.19,,
511,06/01/2021 20:20:47,21.15,,
512,06/01/2021 20:21:47,21.15,,
513,06/01/2021 20:22:47,21.15,,
514,06/01/2021 20:23:47,21.10,,
515,06/01/2021 20:24:47,21.02,,
516,06/01/2021 20:25:47,21.02,,
517,06/01/2021 20:26:47,20.93,,
518,06/01/2021 20:27:47,20.89,,
519,06/01/2021 20:28:47,20.85,,
520,06/01/2021 20:29:47,20.85,,
521,06/01/2021 20:30:47,20.72,,
522,06/01/2021 20:31:47,20.68,,
523,06/01/2021 20:32:47,20.63,,
524,06/01/2021 20:33:47,20.55,,
525,06/01/2021 20:34:47,20.46,,
526,06/01/2021 20:35:47,20.42,,
527,06/01/2021 20:36:47,20.37,,
528,06/01/2021 20:37:47,20.25,,
529,06/01/2021 20:38:47,20.25,,
530,06/01/2021 20:39:47,20.16,,
531,06/01/2021 20:40:47,20.12,,
532,06/01/2021 20:41:47,20.03,,
533,06/01/2021 20:42:47,19.99,,
534,06/01/2021 20:43:47,19.90,,
535,06/01/2021 20:44:47,19.82,,
536,06/01/2021 20:45:47,19.77,,
537,06/01/2021 20:46:47,19.77,,
538,06/01/2021 20:47:47,19.65,,
539,06/01/2021 20:48:47,19.65,,
540,06/01/2021 20:49:47,19.65,,
541,06/01/2021 20:50:47,19.56,,
542,06/01/2021 20:51:47,19.52,,
543,06/01/2021 20:52:47,19.47,,
544,06/01/2021 20:53:47,19.43,,
545,06/01/2021 20:54:47,19.35,,
546,06/01/2021 20:55:47,19.35,,
547,06/01/2021 20:56:47,19.30,,
548,06/01/2021 20:57:47,19.26,,
549,06/01/2021 20:58:47,19.22,,
550,06/01/2021 20:59:47,19.09,,
551,06/01/2021 21:00:47,19.09,,
552,06/01/2021 21:01:47,19.00,,
553,06/01/2021 21:02:47,18.92,,
554,06/01/2021 21:03:47,18.92,,
555,06/01/2021 21:04:47,18.83,,
556,06/01/2021 21:05:47,18.79,,
557,06/01/2021 21:06:47,18.74,,
558,06/01/2021 21:07:47,18.70,,
559,06/01/2021 21:08:47,18.62,,
560,06/01/2021 21:09:47,18.62,,
561,06/01/2021 21:10:47,18.57,,
562,06/01/2021 21:11:47,18.57,,
563,06/01/2021 21:12:47,18.53,,
564,06/01/2021 21:13:47,18.44,,
565,06/01/2021 21:14:47,18.36,,
566,06/01/2021 21:15:47,18.36,,
567,06/01/2021 21:16:47,18.27,,
568,06/01/2021 21:17:47,18.27,,
569,06/01/2021 21:18:47,18.19,,
570,06/01/2021 21:19:47,18.10,,
571,06/01/2021 21:20:47,18.02,,
572,06/01/2021 21:21:47,17.97,,
573,06/01/2021 21:22:47,17.89,,
574,06/01/2021 21:23:47,17.84,,
575,06/01/2021 21:24:47,17.76,,
576,06/01/2021 21:25:47,17.67,,
577,06/01/2021 21:26:47,17.67,,
578,06/01/2021 21:27:47,17.59,,
579,06/01/2021 21:28:47,17.54,,
580,06/01/2021 21:29:47,17.54,,
581,06/01/2021 21:30:47,17.41,,
582,06/01/2021 21:31:47,17.41,,
583,06/01/2021 21:32:47,17.33,,
584,06/01/2021 21:33:47,17.24,,
585,06/01/2021 21:34:47,17.20,,
586,06/01/2021 21:35:47,17.16,,
587,06/01/2021 21:36:47,17.11,,
588,06/01/2021 21:37:47,17.03,,
589,06/01/2021 21:38:47,16.99,,
590,06/01/2021 21:39:47,16.99,,
591,06/01/2021 21:40:47,16.94,,
592,06/01/2021 21:41:47,16.90,,
593,06/01/2021 21:42:47,16.86,,
594,06/01/2021 21:43:47,16.81,,
595,06/01/2021 21:44:47,16.77,,
596,06/01/2021 21:45:47,16.77,,
597,06/01/2021 21:46:47,16.64,,
598,06/01/2021 21:47:47,16.60,,
599,06/01/2021 21:48:47,16.64,,
600,06/01/2021 21:49:47,16.56,,
601,06/01/2021 21:50:47,16.51,,
602,06/01/2021 21:51:47,16.47,,
603,06/01/2021 21:52:47,16.39,,
604,06/01/2021 21:53:47,16.43,,
605,06/01/2021 21:54:47,16.39,,
606,06/01/2021 21:55:47,16.30,,
607,06/01/2021 21:56:47,16.21,,
608,06/01/2021 21:57:47,16.21,,
609,06/01/2021 21:58:47,16.26,,
610,06/01/2021 21:59:47,16.08,,
611,06/01/2021 22:00:47,16.08,,
612,06/01/2021 22:01:47,16.04,,
613,06/01/2021 22:02:47,16.00,,
614,06/01/2021 22:03:47,15.96,,
615,06/01/2021 22:04:47,15.96,,
616,06/01/2021 22:05:47,15.91,,
617,06/01/2021 22:06:47,15.87,,
618,06/01/2021 22:07:47,15.83,,
619,06/01/2021 22:08:47,15.83,,
620,06/01/2021 22:09:47,15.74,,
621,06/01/2021 22:10:47,15.70,,
622,06/01/2021 22:11:47,15.66,,
623,06/01/2021 22:12:47,15.66,,
624,06/01/2021 22:13:47,15.57,,
625,06/01/2021 22:14:47,15.57,,
626,06/01/2021 22:15:47,15.57,,
627,06/01/2021 22:16:47,15.53,,
628,06/01/2021 22:17:47,15.44,,
629,06/01/2021 22:18:47,15.44,,
630,06/01/2021 22:19:47,15.40,,
631,06/01/2021 22:20:47,15.36,,
632,06/01/2021 22:21:47,15.31,,
633,06/01/2021 22:22:47,15.27,,
634,06/01/2021 22:23:47,15.23,,
635,06/01/2021 22:24:47,15.18,,
636,06/01/2021 22:25:47,15.14,,
637,06/01/2021 22:26:47,15.14,,
638,06/01/2021 22:27:47,15.10,,
639,06/01/2021 22:28:47,15.06,,
640,06/01/2021 22:29:47,15.06,,
641,06/01/2021 22:30:47,15.06,,
642,06/01/2021 22:31:47,15.01,,
643,06/01/2021 22:32:47,14.97,,
644,06/01/2021 22:33:47,14.97,,
645,06/01/2021 22:34:47,14.97,,
646,06/01/2021 22:35:47,14.93,,
647,06/01/2021 22:36:47,14.93,,
648,06/01/2021 22:37:47,14.88,,
649,06/01/2021 22:38:47,14.84,,
650,06/01/2021 22:39:47,14.84,,
651,06/01/2021 22:40:47,14.80,,
652,06/01/2021 22:41:47,14.75,,
653,06/01/2021 22:42:47,14.75,,
654,06/01/2021 22:43:47,14.71,,
655,06/01/2021 22:44:47,14.67,,
656,06/01/2021 22:45:47,14.63,,
657,06/01/2021 22:46:47,14.63,,
658,06/01/2021 22:47:47,14.58,,
659,06/01/2021 22:48:47,14.58,,
660,06/01/2021 22:49:47,14.58,,
661,06/01/2021 22:50:47,14.50,,
662,06/01/2021 22:51:47,14.50,,
663,06/01/2021 22:52:47,14.45,,
664,06/01/2021 22:53:47,14.45,,
665,06/01/2021 22:54:47,14.45,,
666,06/01/2021 22:55:47,14.45,,
667,06/01/2021 22:56:47,14.41,,
668,06/01/2021 22:57:47,14.41,,
669,06/01/2021 22:58:47,14.41,,
670,06/01/2021 22:59:47,14.33,,
671,06/01/2021 23:00:47,14.41,,
672,06/01/2021 23:01:47,14.37,,
673,06/01/2021 23:02:47,14.45,,
674,06/01/2021 23:03:47,14.45,,
675,06/01/2021 23:04:47,14.45,,
676,06/01/2021 23:05:47,14.45,,
677,06/01/2021 23:06:47,14.45,,
678,06/01/2021 23:07:47,14.50,,
679,06/01/2021 23:08:47,14.54,,
680,06/01/2021 23:09:47,14.50,,
681,06/01/2021 23:10:47,14.50,,
682,06/01/2021 23:11:47,14.58,,
683,06/01/2021 23:12:47,14.54,,
684,06/01/2021 23:13:47,14.54,,
685,06/01/2021 23:14:47,14.54,,
686,06/01/2021 23:15:47,14.54,,
687,06/01/2021 23:16:47,14.54,,
688,06/01/2021 23:17:47,14.54,,
689,06/01/2021 23:18:47,14.54,,
690,06/01/2021 23:19:47,14.54,,
691,06/01/2021 23:20:47,14.58,,
692,06/01/2021 23:21:47,14.54,,
693,06/01/2021 23:22:47,14.54,,
694,06/01/2021 23:23:47,14.54,,
695,06/01/2021 23:24:47,14.54,,
696,06/01/2021 23:25:47,14.58,,
697,06/01/2021 23:26:47,14.54,,
698,06/01/2021 23:27:47,14.54,,
699,06/01/2021 23:28:47,14.58,,
700,06/01/2021 23:29:47,14.50,,
701,06/01/2021 23:30:47,14.54,,
702,06/01/2021 23:31:47,14.50,,
703,06/01/2021 23:32:47,14.50,,
704,06/01/2021 23:33:47,14.50,,
705,06/01/2021 23:34:47,14.50,,
706,06/01/2021 23:35:47,14.50,,
707,06/01/2021 23:36:47,14.41,,
708,06/01/2021 23:37:47,14.45,,
709,06/01/2021 23:38:47,14.41,,
710,06/01/2021 23:39:47,14.41,,
711,06/01/2021 23:40:47,14.41,,
712,06/01/2021 23:41:47,14.41,,
713,06/01/2021 23:42:47,14.37,,
714,06/01/2021 23:43:47,14.41,,
715,06/01/2021 23:44:47,14.37,,
716,06/01/2021 23:45:47,14.37,,
717,06/01/2021 23:46:47,14.37,,
718,06/01/2021 23:47:47,14.37,,
719,06/01/2021 23:48:47,14.37,,
720,06/01/2021 23:49:47,14.33,,
721,06/01/2021 23:50:47,14.33,,
722,06/01/2021 23:51:47,14.28,,
723,06/01/2021 23:52:47,14.24,,
724,06/01/2021 23:53:47,14.24,,
725,06/01/2021 23:54:47,14.28,,
726,06/01/2021 23:55:47,14.20,,
727,06/01/2021 23:56:47,14.24,,
728,06/01/2021 23:57:47,14.20,,
729,06/01/2021 23:58:47,14.20,,
730,06/01/2021 23:59:47,14.28,,
731,06/02/2021 00:00:47,14.24,,
732,06/02/2021 00:01:47,14.24,,
733,06/02/2021 00:02:47,14.24,,
734,06/02/2021 00:03:47,14.20,,
735,06/02/2021 00:04:47,14.24,,
736,06/02/2021 00:05:47,14.20,,
737,06/02/2021 00:06:47,14.20,,
738,06/02/2021 00:07:47,14.15,,
739,06/02/2021 00:08:47,14.15,,
740,06/02/2021 00:09:47,14.15,,
741,06/02/2021 00:10:47,14.15,,
742,06/02/2021 00:11:47,14.15,,
743,06/02/2021 00:12:47,14.15,,
744,06/02/2021 00:13:47,14.15,,
745,06/02/2021 00:14:47,14.15,,
746,06/02/2021 00:15:47,14.15,,
747,06/02/2021 00:16:47,14.15,,
748,06/02/2021 00:17:47,14.15,,
749,06/02/2021 00:18:47,14.15,,
750,06/02/2021 00:19:47,14.11,,
751,06/02/2021 00:20:47,14.11,,
752,06/02/2021 00:21:47,14.11,,
753,06/02/2021 00:22:47,14.11,,
754,06/02/2021 00:23:47,14.11,,
755,06/02/2021 00:24:47,14.11,,
756,06/02/2021 00:25:47,14.11,,
757,06/02/2021 00:26:47,14.07,,
758,06/02/2021 00:27:47,14.07,,
759,06/02/2021 00:28:47,14.07,,
760,06/02/2021 00:29:47,14.07,,
761,06/02/2021 00:30:47,14.07,,
762,06/02/2021 00:31:47,14.07,,
763,06/02/2021 00:32:47,14.07,,
764,06/02/2021 00:33:47,14.11,,
765,06/02/2021 00:34:47,14.07,,
766,06/02/2021 00:35:47,14.07,,
767,06/02/2021 00:36:47,14.07,,
768,06/02/2021 00:37:47,14.07,,
769,06/02/2021 00:38:47,14.03,,
770,06/02/2021 00:39:47,14.03,,
771,06/02/2021 00:40:47,14.03,,
772,06/02/2021 00:41:47,13.98,,
773,06/02/2021 00:42:47,13.94,,
774,06/02/2021 00:43:47,13.98,,
775,06/02/2021 00:44:47,13.94,,
776,06/02/2021 00:45:47,13.94,,
777,06/02/2021 00:46:47,13.98,,
778,06/02/2021 00:47:47,13.90,,
779,06/02/2021 00:48:47,13.94,,
780,06/02/2021 00:49:47,13.90,,
781,06/02/2021 00:50:47,13.90,,
782,06/02/2021 00:51:47,13.85,,
783,06/02/2021 00:52:47,13.85,,
784,06/02/2021 00:53:47,13.81,,
785,06/02/2021 00:54:47,13.85,,
786,06/02/2021 00:55:47,13.85,,
787,06/02/2021 00:56:47,13.81,,
788,06/02/2021 00:57:47,13.73,,
789,06/02/2021 00:58:47,13.77,,
790,06/02/2021 00:59:47,13.73,,
791,06/02/2021 01:00:47,13.77,,
792,06/02/2021 01:01:47,13.73,,
793,06/02/2021 01:02:47,13.68,,
794,06/02/2021 01:03:47,13.68,,
795,06/02/2021 01:04:47,13.73,,
796,06/02/2021 01:05:47,13.73,,
797,06/02/2021 01:06:47,13.64,,
798,06/02/2021 01:07:47,13.64,,
799,06/02/2021 01:08:47,13.64,,
800,06/02/2021 01:09:47,13.73,,
801,06/02/2021 01:10:47,13.64,,
802,06/02/2021 01:11:47,13.64,,
803,06/02/2021 01:12:47,13.64,,
804,06/02/2021 01:13:47,13.64,,
805,06/02/2021 01:14:47,13.64,,
806,06/02/2021 01:15:47,13.64,,
807,06/02/2021 01:16:47,13.64,,
808,06/02/2021 01:17:47,13.64,,
809,06/02/2021 01:18:47,13.60,,
810,06/02/2021 01:19:47,13.64,,
811,06/02/2021 01:20:47,13.64,,
812,06/02/2021 01:21:47,13.64,,
813,06/02/2021 01:22:47,13.60,,
814,06/02/2021 01:23:47,13.60,,
815,06/02/2021 01:24:47,13.60,,
816,06/02/2021 01:25:47,13.55,,
817,06/02/2021 01:26:47,13.55,,
818,06/02/2021 01:27:47,13.51,,
819,06/02/2021 01:28:47,13.51,,
820,06/02/2021 01:29:47,13.55,,
821,06/02/2021 01:30:47,13.51,,
822,06/02/2021 01:31:47,13.51,,
823,06/02/2021 01:32:47,13.47,,
824,06/02/2021 01:33:47,13.47,,
825,06/02/2021 01:34:47,13.47,,
826,06/02/2021 01:35:47,13.43,,
827,06/02/2021 01:36:47,13.43,,
828,06/02/2021 01:37:47,13.43,,
829,06/02/2021 01:38:47,13.34,,
830,06/02/2021 01:39:47,13.34,,
831,06/02/2021 01:40:47,13.30,,
832,06/02/2021 01:41:47,13.30,,
833,06/02/2021 01:42:47,13.25,,
834,06/02/2021 01:43:47,13.25,,
835,06/02/2021 01:44:47,13.17,,
836,06/02/2021 01:45:47,13.17,,
837,06/02/2021 01:46:47,13.17,,
838,06/02/2021 01:47:47,13.17,,
839,06/02/2021 01:48:47,13.17,,
840,06/02/2021 01:49:47,13.17,,
841,06/02/2021 01:50:47,13.12,,
842,06/02/2021 01:51:47,13.12,,
843,06/02/2021 01:52:47,13.12,,
844,06/02/2021 01:53:47,13.12,,
845,06/02/2021 01:54:47,13.12,,
846,06/02/2021 01:55:47,13.08,,
847,06/02/2021 01:56:47,13.08,,
848,06/02/2021 01:57:47,13.08,,
849,06/02/2021 01:58:47,13.04,,
850,06/02/2021 01:59:47,13.08,,
851,06/02/2021 02:00:47,13.08,,
852,06/02/2021 02:01:47,13.04,,
853,06/02/2021 02:02:47,13.08,,
854,06/02/2021 02:03:47,13.00,,
855,06/02/2021 02:04:47,13.00,,
856,06/02/2021 02:05:47,13.00,,
857,06/02/2021 02:06:47,13.04,,
858,06/02/2021 02:07:47,12.95,,
859,06/02/2021 02:08:47,12.95,,
860,06/02/2021 02:09:47,13.00,,
861,06/02/2021 02:10:47,12.95,,
862,06/02/2021 02:11:47,12.95,,
863,06/02/2021 02:12:47,12.91,,
864,06/02/2021 02:13:47,12.95,,
865,06/02/2021 02:14:47,12.91,,
866,06/02/2021 02:15:47,12.91,,
867,06/02/2021 02:16:47,12.91,,
868,06/02/2021 02:17:47,12.91,,
869,06/02/2021 02:18:47,12.91,,
870,06/02/2021 02:19:47,12.82,,
871,06/02/2021 02:20:47,12.87,,
872,06/02/2021 02:21:47,12.87,,
873,06/02/2021 02:22:47,12.78,,
874,06/02/2021 02:23:47,12.82,,
875,06/02/2021 02:24:47,12.78,,
876,06/02/2021 02:25:47,12.82,,
877,06/02/2021 02:26:47,12.82,,
878,06/02/2021 02:27:47,12.74,,
879,06/02/2021 02:28:47,12.78,,
880,06/02/2021 02:29:47,12.78,,
881,06/02/2021 02:30:47,12.74,,
882,06/02/2021 02:31:47,12.78,,
883,06/02/2021 02:32:47,12.74,,
884,06/02/2021 02:33:47,12.74,,
885,06/02/2021 02:34:47,12.74,,
886,06/02/2021 02:35:47,12.70,,
887,06/02/2021 02:36:47,12.70,,
888,06/02/2021 02:37:47,12.70,,
889,06/02/2021 02:38:47,12.70,,
890,06/02/2021 02:39:47,12.65,,
891,06/02/2021 02:40:47,12.70,,
892,06/02/2021 02:41:47,12.65,,
893,06/02/2021 02:42:47,12.65,,
894,06/02/2021 02:43:47,12.70,,
895,06/02/2021 02:44:47,12.61,,
896,06/02/2021 02:45:47,12.65,,
897,06/02/2021 02:46:47,12.65,,
898,06/02/2021 02:47:47,12.65,,
899,06/02/2021 02:48:47,12.65,,
900,06/02/2021 02:49:47,12.61,,
901,06/02/2021 02:50:47,12.65,,
902,06/02/2021 02:51:47,12.61,,
903,06/02/2021 02:52:47,12.61,,
904,06/02/2021 02:53:47,12.61,,
905,06/02/2021 02:54:47,12.57,,
906,06/02/2021 02:55:47,12.57,,
907,06/02/2021 02:56:47,12.61,,
908,06/02/2021 02:57:47,12.61,,
909,06/02/2021 02:58:47,12.61,,
910,06/02/2021 02:59:47,12.57,,
911,06/02/2021 03:00:47,12.57,,
912,06/02/2021 03:01:47,12.57,,
913,06/02/2021 03:02:47,12.61,,
914,06/02/2021 03:03:47,12.61,,
915,06/02/2021 03:04:47,12.61,,
916,06/02/2021 03:05:47,12.61,,
917,06/02/2021 03:06:47,12.61,,
918,06/02/2021 03:07:47,12.61,,
919,06/02/2021 03:08:47,12.61,,
920,06/02/2021 03:09:47,12.57,,
921,06/02/2021 03:10:47,12.52,,
922,06/02/2021 03:11:47,12.57,,
923,06/02/2021 03:12:47,12.52,,
924,06/02/2021 03:13:47,12.52,,
925,06/02/2021 03:14:47,12.57,,
926,06/02/2021 03:15:47,12.52,,
927,06/02/2021 03:16:47,12.48,,
928,06/02/2021 03:17:47,12.52,,
929,06/02/2021 03:18:47,12.48,,
930,06/02/2021 03:19:47,12.52,,
931,06/02/2021 03:20:47,12.57,,
932,06/02/2021 03:21:47,12.48,,
933,06/02/2021 03:22:47,12.48,,
934,06/02/2021 03:23:47,12.44,,
935,06/02/2021 03:24:47,12.52,,
936,06/02/2021 03:25:47,12.48,,
937,06/02/2021 03:26:47,12.52,,
938,06/02/2021 03:27:47,12.52,,
939,06/02/2021 03:28:47,12.48,,
940,06/02/2021 03:29:47,12.48,,
941,06/02/2021 03:30:47,12.52,,
942,06/02/2021 03:31:47,12.48,,
943,06/02/2021 03:32:47,12.48,,
944,06/02/2021 03:33:47,12.44,,
945,06/02/2021 03:34:47,12.44,,
946,06/02/2021 03:35:47,12.48,,
947,06/02/2021 03:36:47,12.40,,
948,06/02/2021 03:37:47,12.44,,
949,06/02/2021 03:38:47,12.44,,
950,06/02/2021 03:39:47,12.35,,
951,06/02/2021 03:40:47,12.40,,
952,06/02/2021 03:41:47,12.44,,
953,06/02/2021 03:42:47,12.40,,
954,06/02/2021 03:43:47,12.40,,
955,06/02/2021 03:44:47,12.35,,
956,06/02/2021 03:45:47,12.35,,
957,06/02/2021 03:46:47,12.40,,
958,06/02/2021 03:47:47,12.35,,
959,06/02/2021 03:48:47,12.31,,
960,06/02/2021 03:49:47,12.31,,
961,06/02/2021 03:50:47,12.31,,
962,06/02/2021 03:51:47,12.27,,
963,06/02/2021 03:52:47,12.27,,
964,06/02/2021 03:53:47,12.27,,
965,06/02/2021 03:54:47,12.31,,
966,06/02/2021 03:55:47,12.27,,
967,06/02/2021 03:56:47,12.27,,
968,06/02/2021 03:57:47,12.22,,
969,06/02/2021 03:58:47,12.18,,
970,06/02/2021 03:59:47,12.22,,
971,06/02/2021 04:00:47,12.22,,
972,06/02/2021 04:01:47,12.22,,
973,06/02/2021 04:02:47,12.22,,
974,06/02/2021 04:03:47,12.22,,
975,06/02/2021 04:04:47,12.22,,
976,06/02/2021 04:05:47,12.22,,
977,06/02/2021 04:06:47,12.18,,
978,06/02/2021 04:07:47,12.18,,
979,06/02/2021 04:08:47,12.22,,
980,06/02/2021 04:09:47,12.14,,
981,06/02/2021 04:10:47,12.18,,
982,06/02/2021 04:11:47,12.18,,
983,06/02/2021 04:12:47,12.22,,
984,06/02/2021 04:13:47,12.14,,
985,06/02/2021 04:14:47,12.18,,
986,06/02/2021 04:15:47,12.14,,
987,06/02/2021 04:16:47,12.14,,
988,06/02/2021 04:17:47,12.14,,
989,06/02/2021 04:18:47,12.14,,
990,06/02/2021 04:19:47,12.18,,
991,06/02/2021 04:20:47,12.14,,
992,06/02/2021 04:21:47,12.18,,
993,06/02/2021 04:22:47,12.18,,
994,06/02/2021 04:23:47,12.14,,
995,06/02/2021 04:24:47,12.14,,
996,06/02/2021 04:25:47,12.14,,
997,06/02/2021 04:26:47,12.14,,
998,06/02/2021 04:27:47,12.10,,
999,06/02/2021 04:28:47,12.10,,
1000,06/02/2021 04:29:47,12.10,,
1001,06/02/2021 04:30:47,12.10,,
1002,06/02/2021 04:31:47,12.10,,
1003,06/02/2021 04:32:47,12.01,,
1004,06/02/2021 04:33:47,12.01,,
1005,06/02/2021 04:34:47,12.01,,
1006,06/02/2021 04:35:47,12.05,,
1007,06/02/2021 04:36:47,12.05,,
1008,06/02/2021 04:37:47,12.05,,
1009,06/02/2021 04:38:47,11.97,,
1010,06/02/2021 04:39:47,12.01,,
1011,06/02/2021 04:40:47,12.01,,
1012,06/02/2021 04:41:47,11.97,,
1013,06/02/2021 04:42:47,11.97,,
1014,06/02/2021 04:43:47,11.92,,
1015,06/02/2021 04:44:47,11.97,,
1016,06/02/2021 04:45:47,11.97,,
1017,06/02/2021 04:46:47,11.88,,
1018,06/02/2021 04:47:47,11.88,,
1019,06/02/2021 04:48:47,11.88,,
1020,06/02/2021 04:49:47,11.88,,
1021,06/02/2021 04:50:47,11.84,,
1022,06/02/2021 04:51:47,11.88,,
1023,06/02/2021 04:52:47,11.88,,
1024,06/02/2021 04:53:47,11.88,,
1025,06/02/2021 04:54:47,11.88,,
1026,06/02/2021 04:55:47,11.84,,
1027,06/02/2021 04:56:47,11.84,,
1028,06/02/2021 04:57:47,11.84,,
1029,06/02/2021 04:58:47,11.92,,
1030,06/02/2021 04:59:47,11.88,,
1031,06/02/2021 05:00:47,11.84,,
1032,06/02/2021 05:01:47,11.84,,
1033,06/02/2021 05:02:47,11.79,,
1034,06/02/2021 05:03:47,11.79,,
1035,06/02/2021 05:04:47,11.84,,
1036,06/02/2021 05:05:47,11.88,,
1037,06/02/2021 05:06:47,11.84,,
1038,06/02/2021 05:07:47,11.84,,
1039,06/02/2021 05:08:47,11.79,,
1040,06/02/2021 05:09:47,11.84,,
1041,06/02/2021 05:10:47,11.79,,
1042,06/02/2021 05:11:47,11.79,,
1043,06/02/2021 05:12:47,11.75,,
1044,06/02/2021 05:13:47,11.79,,
1045,06/02/2021 05:14:47,11.75,,
1046,06/02/2021 05:15:47,11.71,,
1047,06/02/2021 05:16:47,11.75,,
1048,06/02/2021 05:17:47,11.71,,
1049,06/02/2021 05:18:47,11.67,,
1050,06/02/2021 05:19:47,11.71,,
1051,06/02/2021 05:20:47,11.62,,
1052,06/02/2021 05:21:47,11.62,,
1053,06/02/2021 05:22:47,11.58,,
1054,06/02/2021 05:23:47,11.54,,
1055,06/02/2021 05:24:47,11.49,,
1056,06/02/2021 05:25:47,11.49,,
1057,06/02/2021 05:26:47,11.54,,
1058,06/02/2021 05:27:47,11.49,,
1059,06/02/2021 05:28:47,11.45,,
1060,06/02/2021 05:29:47,11.45,,
1061,06/02/2021 05:30:47,11.41,,
1062,06/02/2021 05:31:47,11.41,,
1063,06/02/2021 05:32:47,11.41,,
1064,06/02/2021 05:33:47,11.41,,
1065,06/02/2021 05:34:47,11.41,,
1066,06/02/2021 05:35:47,11.49,,
1067,06/02/2021 05:36:47,11.54,,
1068,06/02/2021 05:37:23,,Logged,
1069,06/02/2021 05:37:47,11.54,,
1070,06/02/2021 05:38:47,11.49,,
1071,06/02/2021 05:39:47,11.49,,
1072,06/02/2021 05:40:47,11.49,,
1073,06/02/2021 05:41:47,11.45,,
1074,06/02/2021 05:42:47,11.45,,
1075,06/02/2021 05:43:47,11.49,,
1076,06/02/2021 05:44:47,11.49,,
1077,06/02/2021 05:45:47,11.49,,
1078,06/02/2021 05:46:47,11.45,,
1079,06/02/2021 05:47:47,11.49,,
1080,06/02/2021 05:48:47,11.49,,
1081,06/02/2021 05:49:47,11.54,,
1082,06/02/2021 05:50:47,11.54,,
1083,06/02/2021 05:51:47,11.54,,
1084,06/02/2021 05:52:47,11.58,,
1085,06/02/2021 05:53:47,11.58,,
1086,06/02/2021 05:54:47,11.62,,
1087,06/02/2021 05:55:47,11.67,,
1088,06/02/2021 05:56:47,11.71,,
1089,06/02/2021 05:57:47,11.75,,
1090,06/02/2021 05:58:47,11.75,,
1091,06/02/2021 05:59:47,11.79,,
1092,06/02/2021 06:00:47,11.75,,
1093,06/02/2021 06:01:47,11.79,,
1094,06/02/2021 06:02:47,11.79,,
1095,06/02/2021 06:03:47,11.84,,
1096,06/02/2021 06:04:47,11.88,,
1097,06/02/2021 06:05:47,11.84,,
1098,06/02/2021 06:06:47,11.84,,
1099,06/02/2021 06:07:47,11.88,,
1100,06/02/2021 06:08:47,11.88,,
1101,06/02/2021 06:09:47,11.92,,
1102,06/02/2021 06:10:47,12.01,,
1103,06/02/2021 06:11:47,12.05,,
1104,06/02/2021 06:12:47,12.14,,
1105,06/02/2021 06:13:47,12.22,,
1106,06/02/2021 06:14:47,12.35,,
1107,06/02/2021 06:15:47,12.57,,
1108,06/02/2021 06:16:47,12.65,,
1109,06/02/2021 06:17:47,12.74,,
1110,06/02/2021 06:18:47,12.70,,
1111,06/02/2021 06:19:47,12.74,,
1112,06/02/2021 06:20:47,12.74,,
1113,06/02/2021 06:21:47,12.74,,
1114,06/02/2021 06:22:47,12.74,,
1115,06/02/2021 06:23:47,12.78,,
1116,06/02/2021 06:24:47,12.78,,
1117,06/02/2021 06:25:47,12.82,,
1118,06/02/2021 06:26:47,12.87,,
1119,06/02/2021 06:27:47,12.95,,
1120,06/02/2021 06:28:47,12.95,,
1121,06/02/2021 06:29:47,13.00,,
1122,06/02/2021 06:30:47,13.12,,
1123,06/02/2021 06:31:47,13.21,,
1124,06/02/2021 06:32:47,13.30,,
1125,06/02/2021 06:33:47,13.30,,
1126,06/02/2021 06:34:47,13.38,,
1127,06/02/2021 06:35:47,13.34,,
1128,06/02/2021 06:36:47,13.38,,
1129,06/02/2021 06:37:47,13.34,,
1130,06/02/2021 06:38:47,13.30,,
1131,06/02/2021 06:39:47,13.25,,
1132,06/02/2021 06:40:47,13.30,,
1133,06/02/2021 06:41:47,13.30,,
1134,06/02/2021 06:42:47,13.38,,
1135,06/02/2021 06:43:47,13.38,,
1136,06/02/2021 06:44:47,13.43,,
1137,06/02/2021 06:45:47,13.43,,
1138,06/02/2021 06:46:47,13.47,,
1139,06/02/2021 06:47:47,13.51,,
1140,06/02/2021 06:48:47,13.55,,
1141,06/02/2021 06:49:47,13.51,,
1142,06/02/2021 06:50:47,13.55,,
1143,06/02/2021 06:51:47,13.51,,
1144,06/02/2021 06:52:47,13.51,,
1145,06/02/2021 06:53:47,13.55,,
1146,06/02/2021 06:54:47,13.51,,
1147,06/02/2021 06:55:47,13.51,,
1148,06/02/2021 06:56:47,13.55,,
1149,06/02/2021 06:57:47,13.60,,
1150,06/02/2021 06:58:47,13.60,,
1151,06/02/2021 06:59:47,13.60,,
1152,06/02/2021 07:00:47,13.64,,
1153,06/02/2021 07:01:47,13.60,,
1154,06/02/2021 07:02:47,13.64,,
1155,06/02/2021 07:03:47,13.73,,
1156,06/02/2021 07:04:47,13.77,,
1157,06/02/2021 07:05:47,13.81,,
1158,06/02/2021 07:06:47,13.90,,
1159,06/02/2021 07:07:47,13.94,,
1160,06/02/2021 07:08:47,13.98,,
1161,06/02/2021 07:09:47,14.03,,
1162,06/02/2021 07:10:47,14.03,,
1163,06/02/2021 07:11:47,14.07,,
1164,06/02/2021 07:12:47,14.15,,
1165,06/02/2021 07:13:47,14.20,,
1166,06/02/2021 07:14:47,14.28,,
1167,06/02/2021 07:15:47,14.41,,
1168,06/02/2021 07:16:47,14.45,,
1169,06/02/2021 07:17:47,14.54,,
1170,06/02/2021 07:18:47,14.58,,
1171,06/02/2021 07:19:47,14.63,,
1172,06/02/2021 07:20:47,14.71,,
1173,06/02/2021 07:21:47,14.71,,
1174,06/02/2021 07:22:47,14.80,,
1175,06/02/2021 07:23:47,14.93,,
1176,06/02/2021 07:24:47,15.01,,
1177,06/02/2021 07:25:47,15.06,,
1178,06/02/2021 07:26:47,15.14,,
1179,06/02/2021 07:27:47,15.18,,
1180,06/02/2021 07:28:47,15.27,,
1181,06/02/2021 07:29:47,15.27,,
1182,06/02/2021 07:30:47,15.31,,
1183,06/02/2021 07:31:47,15.36,,
1184,06/02/2021 07:32:47,15.40,,
1185,06/02/2021 07:33:47,15.40,,
1186,06/02/2021 07:34:47,15.53,,
1187,06/02/2021 07:35:47,15.53,,
1188,06/02/2021 07:36:47,15.57,,
1189,06/02/2021 07:37:47,15.53,,
1190,06/02/2021 07:38:47,15.61,,
1191,06/02/2021 07:39:47,15.70,,
1192,06/02/2021 07:40:47,15.74,,
1193,06/02/2021 07:41:47,15.83,,
1194,06/02/2021 07:42:47,15.96,,
1195,06/02/2021 07:43:47,16.00,,
1196,06/02/2021 07:44:47,16.04,,
1197,06/02/2021 07:45:47,16.17,,
1198,06/02/2021 07:46:47,16.21,,
1199,06/02/2021 07:47:47,16.30,,
1200,06/02/2021 07:48:47,16.39,,
1201,06/02/2021 07:49:47,16.39,,
1202,06/02/2021 07:50:47,16.43,,
1203,06/02/2021 07:51:47,16.51,,
1204,06/02/2021 07:52:47,16.60,,
1205,06/02/2021 07:53:47,16.73,,
1206,06/02/2021 07:54:47,16.81,,
1207,06/02/2021 07:55:47,16.77,,
1208,06/02/2021 07:56:47,16.81,,
1209,06/02/2021 07:57:47,16.90,,
1210,06/02/2021 07:58:47,16.99,,
1211,06/02/2021 07:59:47,17.03,,
1212,06/02/2021 08:00:47,17.11,,
1213,06/02/2021 08:01:47,17.07,,
1214,06/02/2021 08:02:47,17.16,,
1215,06/02/2021 08:03:47,17.20,,
1216,06/02/2021 08:04:47,17.20,,
1217,06/02/2021 08:05:47,17.33,,
1218,06/02/2021 08:06:47,17.41,,
1219,06/02/2021 08:07:47,17.46,,
1220,06/02/2021 08:08:47,17.50,,
1221,06/02/2021 08:09:47,17.54,,
1222,06/02/2021 08:10:47,17.63,,
1223,06/02/2021 08:11:47,17.63,,
1224,06/02/2021 08:12:47,17.67,,
1225,06/02/2021 08:13:47,17.63,,
1226,06/02/2021 08:14:47,17.63,,
1227,06/02/2021 08:15:47,17.59,,
1228,06/02/2021 08:16:47,17.63,,
1229,06/02/2021 08:17:47,17.63,,
1230,06/02/2021 08:18:47,17.63,,
1231,06/02/2021 08:19:47,17.59,,
1232,06/02/2021 08:20:47,17.63,,
1233,06/02/2021 08:21:47,17.67,,
1234,06/02/2021 08:22:47,17.67,,
1235,06/02/2021 08:23:47,17.80,,
1236,06/02/2021 08:24:47,17.89,,
1237,06/02/2021 08:25:47,17.80,,
1238,06/02/2021 08:26:47,17.80,,
1239,06/02/2021 08:27:47,17.89,,
1240,06/02/2021 08:28:47,17.93,,
1241,06/02/2021 08:29:47,17.93,,
1242,06/02/2021 08:30:47,18.02,,
1243,06/02/2021 08:31:47,18.06,,
1244,06/02/2021 08:32:47,18.14,,
1245,06/02/2021 08:33:47,18.14,,
1246,06/02/2021 08:34:47,18.19,,
1247,06/02/2021 08:35:47,18.19,,
1248,06/02/2021 08:36:47,18.19,,
1249,06/02/2021 08:37:47,18.19,,
1250,06/02/2021 08:38:47,18.23,,
1251,06/02/2021 08:39:47,18.23,,
1252,06/02/2021 08:40:47,18.23,,
1253,06/02/2021 08:41:47,18.27,,
1254,06/02/2021 08:42:47,18.27,,
1255,06/02/2021 08:43:47,18.36,,
1256,06/02/2021 08:44:47,18.44,,
1257,06/02/2021 08:45:47,18.40,,
1258,06/02/2021 08:46:47,18.49,,
1259,06/02/2021 08:47:47,18.49,,
1260,06/02/2021 08:48:47,18.49,,
1261,06/02/2021 08:49:47,18.44,,
1262,06/02/2021 08:50:47,18.49,,
1263,06/02/2021 08:51:47,18.49,,
1264,06/02/2021 08:52:47,18.62,,
1265,06/02/2021 08:53:47,18.66,,
1266,06/02/2021 08:54:47,18.74,,
1267,06/02/2021 08:55:47,18.79,,
1268,06/02/2021 08:56:47,18.79,,
1269,06/02/2021 08:57:47,18.83,,
1270,06/02/2021 08:58:47,18.87,,
1271,06/02/2021 08:59:47,18.92,,
1272,06/02/2021 09:00:47,18.96,,
1273,06/02/2021 09:01:47,19.00,,
1274,06/02/2021 09:02:47,19.05,,
1275,06/02/2021 09:03:47,19.09,,
1276,06/02/2021 09:04:47,19.13,,
1277,06/02/2021 09:05:47,19.22,,
1278,06/02/2021 09:06:47,19.26,,
1279,06/02/2021 09:07:47,19.35,,
1280,06/02/2021 09:08:47,19.39,,
1281,06/02/2021 09:09:47,19.43,,
1282,06/02/2021 09:10:47,19.47,,
1283,06/02/2021 09:11:47,19.56,,
1284,06/02/2021 09:12:47,19.65,,
1285,06/02/2021 09:13:47,19.69,,
1286,06/02/2021 09:14:47,19.77,,
1287,06/02/2021 09:15:47,19.82,,
1288,06/02/2021 09:16:47,19.86,,
1289,06/02/2021 09:17:47,19.90,,
1290,06/02/2021 09:18:47,19.95,,
1291,06/02/2021 09:19:47,19.99,,
1292,06/02/2021 09:20:47,19.99,,
1293,06/02/2021 09:21:47,19.99,,
1294,06/02/2021 09:22:47,20.07,,
1295,06/02/2021 09:23:47,20.16,,
1296,06/02/2021 09:24:47,20.20,,
1297,06/02/2021 09:25:47,20.29,,
1298,06/02/2021 09:26:47,20.29,,
1299,06/02/2021 09:27:47,20.33,,
1300,06/02/2021 09:28:47,20.33,,
1301,06/02/2021 09:29:47,20.33,,
1302,06/02/2021 09:30:47,20.37,,
1303,06/02/2021 09:31:47,20.37,,
1304,06/02/2021 09:32:47,20.42,,
1305,06/02/2021 09:33:47,20.42,,
1306,06/02/2021 09:34:47,20.46,,
1307,06/02/2021 09:35:47,20.50,,
1308,06/02/2021 09:36:47,20.50,,
1309,06/02/2021 09:37:47,20.50,,
1310,06/02/2021 09:38:47,20.55,,
1311,06/02/2021 09:39:47,20.59,,
1312,06/02/2021 09:40:47,20.63,,
1313,06/02/2021 09:41:47,20.63,,
1314,06/02/2021 09:42:47,20.63,,
1315,06/02/2021 09:43:47,20.63,,
1316,06/02/2021 09:44:47,20.63,,
1317,06/02/2021 09:45:47,20.68,,
1318,06/02/2021 09:46:47,20.68,,
1319,06/02/2021 09:47:47,20.72,,
1320,06/02/2021 09:48:47,20.68,,
1321,06/02/2021 09:49:47,20.63,,
1322,06/02/2021 09:50:47,20.68,,
1323,06/02/2021 09:51:47,20.63,,
1324,06/02/2021 09:52:47,20.63,,
1325,06/02/2021 09:53:47,20.68,,
1326,06/02/2021 09:54:47,20.68,,
1327,06/02/2021 09:55:47,20.68,,
1328,06/02/2021 09:56:47,20.68,,
1329,06/02/2021 09:57:47,20.68,,
1330,06/02/2021 09:58:47,20.68,,
1331,06/02/2021 09:59:47,20.68,,
1332,06/02/2021 10:00:47,20.72,,
1333,06/02/2021 10:01:47,20.72,,
1334,06/02/2021 10:02:47,20.72,,
1335,06/02/2021 10:03:47,20.72,,
1336,06/02/2021 10:04:47,20.68,,
1337,06/02/2021 10:05:47,20.72,,
1338,06/02/2021 10:06:47,20.72,,
1339,06/02/2021 10:07:47,20.68,,
1340,06/02/2021 10:08:47,20.72,,
1341,06/02/2021 10:09:47,20.68,,
1342,06/02/2021 10:10:47,20.72,,
1343,06/02/2021 10:11:47,20.68,,
1344,06/02/2021 10:12:47,20.68,,
1345,06/02/2021 10:13:47,20.68,,
1346,06/02/2021 10:14:47,20.68,,
1347,06/02/2021 10:15:47,20.63,,
1348,06/02/2021 10:16:47,20.68,,
1349,06/02/2021 10:17:47,20.68,,
1350,06/02/2021 10:18:47,20.63,,
1351,06/02/2021 10:19:47,20.63,,
1352,06/02/2021 10:20:47,20.68,,
1353,06/02/2021 10:21:47,20.63,,
1354,06/02/2021 10:22:47,20.68,,
1355,06/02/2021 10:23:47,20.68,,
1356,06/02/2021 10:24:47,20.63,,
1357,06/02/2021 10:25:47,20.59,,
1358,06/02/2021 10:26:47,20.59,,
1359,06/02/2021 10:27:47,20.59,,
1360,06/02/2021 10:28:47,20.59,,
1361,06/02/2021 10:29:47,20.59,,
1362,06/02/2021 10:30:47,20.50,,
1363,06/02/2021 10:31:47,20.50,,
1364,06/02/2021 10:32:47,20.46,,
1365,06/02/2021 10:33:47,20.50,,
1366,06/02/2021 10:34:47,20.55,,
1367,06/02/2021 10:35:47,20.55,,
1368,06/02/2021 10:36:47,20.55,,
1369,06/02/2021 10:37:47,20.59,,
1370,06/02/2021 10:38:47,20.59,,
1371,06/02/2021 10:39:47,20.63,,
1372,06/02/2021 10:40:47,20.63,,
1373,06/02/2021 10:41:47,20.63,,
1374,06/02/2021 10:42:47,20.63,,
1375,06/02/2021 10:43:47,20.59,,
1376,06/02/2021 10:44:47,20.63,,
1377,06/02/2021 10:45:47,20.68,,
1378,06/02/2021 10:46:47,20.63,,
1379,06/02/2021 10:47:47,20.63,,
1380,06/02/2021 10:48:47,20.63,,
1381,06/02/2021 10:49:47,20.63,,
1382,06/02/2021 10:50:47,20.68,,
1383,06/02/2021 10:51:47,20.68,,
1384,06/02/2021 10:52:47,20.68,,
1385,06/02/2021 10:53:47,20.72,,
1386,06/02/2021 10:54:47,20.72,,
1387,06/02/2021 10:55:47,20.76,,
1388,06/02/2021 10:56:47,20.80,,
1389,06/02/2021 10:57:47,20.89,,
1390,06/02/2021 10:58:47,20.89,,
1391,06/02/2021 10:59:47,20.89,,
1392,06/02/2021 11:00:47,20.98,,
1393,06/02/2021 11:01:47,20.93,,
1394,06/02/2021 11:02:47,20.93,,
1395,06/02/2021 11:03:47,20.98,,
1396,06/02/2021 11:04:47,20.98,,
1397,06/02/2021 11:05:47,20.98,,
1398,06/02/2021 11:06:47,21.06,,
1399,06/02/2021 11:07:47,21.06,,
1400,06/02/2021 11:08:47,21.02,,
1401,06/02/2021 11:09:47,21.02,,
1402,06/02/2021 11:10:47,21.02,,
1403,06/02/2021 11:11:47,20.93,,
1404,06/02/2021 11:12:47,20.89,,
1405,06/02/2021 11:13:47,20.85,,
1406,06/02/2021 11:14:47,20.76,,
1407,06/02/2021 11:15:47,20.80,,
1408,06/02/2021 11:16:47,20.72,,
1409,06/02/2021 11:17:47,20.68,,
1410,06/02/2021 11:18:47,20.63,,
1411,06/02/2021 11:19:47,20.59,,
1412,06/02/2021 11:20:47,20.55,,
1413,06/02/2021 11:21:47,20.46,,
1414,06/02/2021 11:22:47,20.37,,
1415,06/02/2021 11:23:47,20.29,,
1416,06/02/2021 11:24:47,20.20,,
1417,06/02/2021 11:25:47,20.16,,
1418,06/02/2021 11:26:47,20.12,,
1419,06/02/2021 11:27:47,20.07,,
1420,06/02/2021 11:28:47,20.03,,
1421,06/02/2021 11:29:47,19.99,,
1422,06/02/2021 11:30:47,19.95,,
1423,06/02/2021 11:31:47,19.90,,
1424,06/02/2021 11:32:47,19.90,,
1425,06/02/2021 11:33:47,19.82,,
1426,06/02/2021 11:34:47,19.86,,
1427,06/02/2021 11:35:47,19.86,,
1428,06/02/2021 11:36:47,19.82,,
1429,06/02/2021 11:37:47,19.73,,
1430,06/02/2021 11:38:47,19.73,,
1431,06/02/2021 11:39:47,19.77,,
1432,06/02/2021 11:40:47,19.73,,
1433,06/02/2021 11:41:47,19.73,,
1434,06/02/2021 11:42:47,19.77,,
1435,06/02/2021 11:43:47,19.73,,
1436,06/02/2021 11:44:47,19.73,,
1437,06/02/2021 11:45:47,19.65,,
1438,06/02/2021 11:46:47,19.60,,
1439,06/02/2021 11:47:47,19.52,,
1440,06/02/2021 11:48:47,19.35,,
1441,06/02/2021 11:49:47,19.22,,
1442,06/02/2021 11:50:47,19.17,,
1443,06/02/2021 11:51:47,19.09,,
1444,06/02/2021 11:52:47,19.00,,
1445,06/02/2021 11:53:47,18.96,,
1446,06/02/2021 11:54:47,18.92,,
1447,06/02/2021 11:55:47,18.79,,
1448,06/02/2021 11:56:47,18.74,,
1449,06/02/2021 11:57:47,18.70,,
1450,06/02/2021 11:58:47,18.70,,
1451,06/02/2021 11:59:47,18.66,,
1452,06/02/2021 12:00:47,18.66,,
1453,06/02/2021 12:01:47,18.62,,
1454,06/02/2021 12:02:47,18.62,,
1455,06/02/2021 12:03:47,18.57,,
1456,06/02/2021 12:04:47,18.57,,
1457,06/02/2021 12:05:47,18.57,,
1458,06/02/2021 12:06:47,18.53,,
1459,06/02/2021 12:07:47,18.53,,
1460,06/02/2021 12:08:47,18.57,,
1461,06/02/2021 12:09:47,18.66,,
1462,06/02/2021 12:10:47,18.66,,
1463,06/02/2021 12:11:47,18.70,,
1464,06/02/2021 12:12:47,18.70,,
1465,06/02/2021 12:13:47,18.66,,
1466,06/02/2021 12:14:47,18.70,,
1467,06/02/2021 12:15:47,18.70,,
1468,06/02/2021 12:16:47,18.74,,
1469,06/02/2021 12:17:47,18.74,,
1470,06/02/2021 12:18:47,18.70,,
1471,06/02/2021 12:19:47,18.74,,
1472,06/02/2021 12:20:47,18.74,,
1473,06/02/2021 12:21:47,18.83,,
1474,06/02/2021 12:22:47,18.83,,
1475,06/02/2021 12:23:47,18.79,,
1476,06/02/2021 12:24:47,18.79,,
1477,06/02/2021 12:25:47,18.83,,
1478,06/02/2021 12:26:47,18.83,,
1479,06/02/2021 12:27:47,18.79,,
1480,06/02/2021 12:28:47,18.87,,
1481,06/02/2021 12:29:47,18.87,,
1482,06/02/2021 12:30:47,18.87,,
1483,06/02/2021 12:31:47,18.87,,
1484,06/02/2021 12:32:47,18.87,,
1485,06/02/2021 12:33:47,18.96,,
1486,06/02/2021 12:34:47,18.96,,
1487,06/02/2021 12:35:47,19.00,,
1488,06/02/2021 12:36:47,19.05,,
1489,06/02/2021 12:37:47,19.13,,
1490,06/02/2021 12:38:47,19.13,,
1491,06/02/2021 12:39:47,19.17,,
1492,06/02/2021 12:40:47,19.13,,
1493,06/02/2021 12:41:47,19.13,,
1494,06/02/2021 12:42:47,19.09,,
1495,06/02/2021 12:43:47,19.09,,
1496,06/02/2021 12:44:47,19.09,,
1497,06/02/2021 12:45:47,19.09,,
1498,06/02/2021 12:46:47,19.00,,
1499,06/02/2021 12:47:47,19.05,,
1500,06/02/2021 12:48:47,19.05,,
1501,06/02/2021 12:49:47,19.05,,
1502,06/02/2021 12:50:47,19.00,,
1503,06/02/2021 12:51:47,19.00,,
1504,06/02/2021 12:52:47,19.00,,
1505,06/02/2021 12:53:47,19.00,,
1506,06/02/2021 12:54:47,18.92,,
1507,06/02/2021 12:55:47,19.00,,
1508,06/02/2021 12:56:47,18.96,,
1509,06/02/2021 12:57:47,19.00,,
1510,06/02/2021 12:58:47,18.96,,
1511,06/02/2021 12:59:47,18.92,,
1512,06/02/2021 13:00:47,18.92,,
1513,06/02/2021 13:01:47,18.87,,
1514,06/02/2021 13:02:47,18.83,,
1515,06/02/2021 13:03:47,18.87,,
1516,06/02/2021 13:04:47,18.87,,
1517,06/02/2021 13:05:47,18.83,,
1518,06/02/2021 13:06:47,18.92,,
1519,06/02/2021 13:07:47,18.92,,
1520,06/02/2021 13:08:47,18.96,,
1521,06/02/2021 13:09:47,19.00,,
1522,06/02/2021 13:10:47,19.00,,
1523,06/02/2021 13:11:47,19.05,,
1524,06/02/2021 13:12:47,19.09,,
1525,06/02/2021 13:13:47,19.05,,
1526,06/02/2021 13:14:47,19.05,,
1527,06/02/2021 13:15:47,19.13,,
1528,06/02/2021 13:16:47,19.09,,
1529,06/02/2021 13:17:47,19.13,,
1530,06/02/2021 13:18:47,19.05,,
1531,06/02/2021 13:19:47,19.00,,
1532,06/02/2021 13:20:47,18.96,,
1533,06/02/2021 13:21:47,18.92,,
1534,06/02/2021 13:22:47,18.92,,
1535,06/02/2021 13:23:47,18.92,,
1536,06/02/2021 13:24:47,18.87,,
1537,06/02/2021 13:25:47,18.83,,
1538,06/02/2021 13:26:47,18.83,,
1539,06/02/2021 13:27:47,18.87,,
1540,06/02/2021 13:28:47,18.87,,
1541,06/02/2021 13:29:47,18.87,,
1542,06/02/2021 13:30:47,18.87,,
1543,06/02/2021 13:31:47,18.87,,
1544,06/02/2021 13:32:47,18.87,,
1545,06/02/2021 13:33:47,18.96,,
1546,06/02/2021 13:34:47,18.92,,
1547,06/02/2021 13:35:47,19.00,,
1548,06/02/2021 13:36:47,18.96,,
1549,06/02/2021 13:37:47,18.96,,
1550,06/02/2021 13:38:47,19.00,,
1551,06/02/2021 13:39:47,19.00,,
1552,06/02/2021 13:40:47,19.05,,
1553,06/02/2021 13:41:47,19.05,,
1554,06/02/2021 13:42:47,19.13,,
1555,06/02/2021 13:43:47,19.17,,
1556,06/02/2021 13:44:47,19.22,,
1557,06/02/2021 13:45:47,19.26,,
1558,06/02/2021 13:46:47,19.35,,
1559,06/02/2021 13:47:47,19.30,,
1560,06/02/2021 13:48:47,19.30,,
1561,06/02/2021 13:49:47,19.30,,
1562,06/02/2021 13:50:47,19.30,,
1563,06/02/2021 13:51:47,19.35,,
1564,06/02/2021 13:52:47,19.35,,
1565,06/02/2021 13:53:47,19.39,,
1566,06/02/2021 13:54:47,19.39,,
1567,06/02/2021 13:55:47,19.47,,
1568,06/02/2021 13:56:47,19.47,,
1569,06/02/2021 13:57:47,19.52,,
1570,06/02/2021 13:58:47,19.60,,
1571,06/02/2021 13:59:47,19.56,,
1572,06/02/2021 14:00:47,19.65,,
1573,06/02/2021 14:01:47,19.65,,
1574,06/02/2021 14:02:47,19.69,,
1575,06/02/2021 14:03:47,19.77,,
1576,06/02/2021 14:04:47,19.77,,
1577,06/02/2021 14:05:47,19.82,,
1578,06/02/2021 14:06:47,19.86,,
1579,06/02/2021 14:07:47,19.86,,
1580,06/02/2021 14:08:47,19.86,,
1581,06/02/2021 14:09:47,19.86,,
1582,06/02/2021 14:10:47,19.86,,
1583,06/02/2021 14:11:47,19.90,,
1584,06/02/2021 14:12:47,19.90,,
1585,06/02/2021 14:13:47,19.90,,
1586,06/02/2021 14:14:47,19.86,,
1587,06/02/2021 14:15:47,19.86,,
1588,06/02/2021 14:16:47,19.86,,
1589,06/02/2021 14:17:47,19.90,,
1590,06/02/2021 14:18:47,19.95,,
1591,06/02/2021 14:19:47,19.99,,
1592,06/02/2021 14:20:47,19.99,,
1593,06/02/2021 14:21:47,20.03,,
1594,06/02/2021 14:22:47,19.99,,
1595,06/02/2021 14:23:47,19.99,,
1596,06/02/2021 14:24:47,19.95,,
1597,06/02/2021 14:25:47,19.99,,
1598,06/02/2021 14:26:47,19.99,,
1599,06/02/2021 14:27:47,20.03,,
1600,06/02/2021 14:28:47,20.03,,
1601,06/02/2021 14:29:47,20.07,,
1602,06/02/2021 14:30:47,20.03,,
1603,06/02/2021 14:31:47,20.12,,
1604,06/02/2021 14:32:47,20.12,,
1605,06/02/2021 14:33:47,20.16,,
1606,06/02/2021 14:34:47,20.16,,
1607,06/02/2021 14:35:47,20.20,,
1608,06/02/2021 14:36:47,20.16,,
1609,06/02/2021 14:37:47,20.20,,
1610,06/02/2021 14:38:47,20.16,,
1611,06/02/2021 14:39:47,20.12,,
1612,06/02/2021 14:40:47,20.12,,
1613,06/02/2021 14:41:47,20.07,,
1614,06/02/2021 14:42:47,20.07,,
1615,06/02/2021 14:43:47,20.07,,
1616,06/02/2021 14:44:47,20.07,,
1617,06/02/2021 14:45:47,20.12,,
1618,06/02/2021 14:46:47,20.12,,
1619,06/02/2021 14:47:47,20.12,,
1620,06/02/2021 14:48:47,20.25,,
1621,06/02/2021 14:49:47,20.20,,
1622,06/02/2021 14:50:47,20.25,,
1623,06/02/2021 14:51:47,20.20,,
1624,06/02/2021 14:52:47,20.25,,
1625,06/02/2021 14:53:47,20.29,,
1626,06/02/2021 14:54:47,20.25,,
1627,06/02/2021 14:55:47,20.25,,
1628,06/02/2021 14:56:47,20.25,,
1629,06/02/2021 14:57:47,20.20,,
1630,06/02/2021 14:58:47,20.16,,
1631,06/02/2021 14:59:47,20.16,,
1632,06/02/2021 15:00:47,20.12,,
1633,06/02/2021 15:01:47,20.16,,
1634,06/02/2021 15:02:47,20.12,,
1635,06/02/2021 15:03:47,20.12,,
1636,06/02/2021 15:04:47,20.12,,
1637,06/02/2021 15:05:47,20.07,,
1638,06/02/2021 15:06:47,19.99,,
1639,06/02/2021 15:07:47,20.03,,
1640,06/02/2021 15:08:47,19.99,,
1641,06/02/2021 15:09:47,19.95,,
1642,06/02/2021 15:10:47,19.90,,
1643,06/02/2021 15:11:47,19.90,,
1644,06/02/2021 15:12:47,19.86,,
1645,06/02/2021 15:13:47,19.82,,
1646,06/02/2021 15:14:47,19.82,,
1647,06/02/2021 15:15:47,19.73,,
1648,06/02/2021 15:16:47,19.69,,
1649,06/02/2021 15:17:47,19.69,,
1650,06/02/2021 15:18:47,19.69,,
1651,06/02/2021 15:19:47,19.69,,
1652,06/02/2021 15:20:47,19.69,,
1653,06/02/2021 15:21:47,19.65,,
1654,06/02/2021 15:22:47,19.65,,
1655,06/02/2021 15:23:47,19.65,,
1656,06/02/2021 15:24:47,19.65,,
1657,06/02/2021 15:25:47,19.69,,
1658,06/02/2021 15:26:47,19.65,,
1659,06/02/2021 15:27:47,19.69,,
1660,06/02/2021 15:28:47,19.65,,
1661,06/02/2021 15:29:47,19.65,,
1662,06/02/2021 15:30:47,19.60,,
1663,06/02/2021 15:31:47,19.60,,
1664,06/02/2021 15:32:47,19.60,,
1665,06/02/2021 15:33:47,19.56,,
1666,06/02/2021 15:34:47,19.60,,
1667,06/02/2021 15:35:47,19.56,,
1668,06/02/2021 15:36:47,19.56,,
1669,06/02/2021 15:37:47,19.52,,
1670,06/02/2021 15:38:47,19.56,,
1671,06/02/2021 15:39:47,19.56,,
1672,06/02/2021 15:40:47,19.52,,
1673,06/02/2021 15:41:47,19.56,,
1674,06/02/2021 15:42:47,19.52,,
1675,06/02/2021 15:43:47,19.56,,
1676,06/02/2021 15:44:47,19.52,,
1677,06/02/2021 15:45:47,19.56,,
1678,06/02/2021 15:46:47,19.56,,
1679,06/02/2021 15:47:47,19.52,,
1680,06/02/2021 15:48:47,19.56,,
1681,06/02/2021 15:49:47,19.52,,
1682,06/02/2021 15:50:47,19.52,,
1683,06/02/2021 15:51:47,19.52,,
1684,06/02/2021 15:52:47,19.52,,
1685,06/02/2021 15:53:47,19.47,,
1686,06/02/2021 15:54:47,19.52,,
1687,06/02/2021 15:55:47,19.52,,
1688,06/02/2021 15:56:47,19.56,,
1689,06/02/2021 15:57:47,19.52,,
1690,06/02/2021 15:58:47,19.47,,
1691,06/02/2021 15:59:47,19.47,,
1692,06/02/2021 16:00:47,19.52,,
1693,06/02/2021 16:01:47,19.47,,
1694,06/02/2021 16:02:47,19.47,,
1695,06/02/2021 16:03:47,19.52,,
1696,06/02/2021 16:04:47,19.52,,
1697,06/02/2021 16:05:47,19.52,,
1698,06/02/2021 16:06:47,19.47,,
1699,06/02/2021 16:07:47,19.52,,
1700,06/02/2021 16:08:47,19.52,,
1701,06/02/2021 16:09:47,19.52,,
1702,06/02/2021 16:10:47,19.47,,
1703,06/02/2021 16:11:47,19.56,,
1704,06/02/2021 16:12:47,19.52,,
1705,06/02/2021 16:13:47,19.56,,
1706,06/02/2021 16:14:47,19.56,,
1707,06/02/2021 16:15:47,19.56,,
1708,06/02/2021 16:16:47,19.60,,
1709,06/02/2021 16:17:47,19.56,,
1710,06/02/2021 16:18:47,19.60,,
1711,06/02/2021 16:19:47,19.56,,
1712,06/02/2021 16:20:47,19.65,,
1713,06/02/2021 16:21:47,19.60,,
1714,06/02/2021 16:22:47,19.56,,
1715,06/02/2021 16:23:47,19.56,,
1716,06/02/2021 16:24:47,19.56,,
1717,06/02/2021 16:25:47,19.52,,
1718,06/02/2021 16:26:47,19.56,,
1719,06/02/2021 16:27:47,19.56,,
1720,06/02/2021 16:28:47,19.52,,
1721,06/02/2021 16:29:47,19.52,,
1722,06/02/2021 16:30:47,19.52,,
1723,06/02/2021 16:31:47,19.47,,
1724,06/02/2021 16:32:47,19.47,,
1725,06/02/2021 16:33:47,19.43,,
1726,06/02/2021 16:34:47,19.43,,
1727,06/02/2021 16:35:47,19.39,,
1728,06/02/2021 16:36:47,19.39,,
1729,06/02/2021 16:37:47,19.35,,
1730,06/02/2021 16:38:47,19.35,,
1731,06/02/2021 16:39:47,19.30,,
1732,06/02/2021 16:40:47,19.35,,
1733,06/02/2021 16:41:47,19.26,,
1734,06/02/2021 16:42:47,19.22,,
1735,06/02/2021 16:43:47,19.22,,
1736,06/02/2021 16:44:47,19.17,,
1737,06/02/2021 16:45:47,19.17,,
1738,06/02/2021 16:46:47,19.17,,
1739,06/02/2021 16:47:47,19.13,,
1740,06/02/2021 16:48:47,19.13,,
1741,06/02/2021 16:49:47,19.09,,
1742,06/02/2021 16:50:47,19.09,,
1743,06/02/2021 16:51:47,19.00,,
1744,06/02/2021 16:52:47,19.05,,
1745,06/02/2021 16:53:47,19.00,,
1746,06/02/2021 16:54:47,19.05,,
1747,06/02/2021 16:55:47,18.96,,
1748,06/02/2021 16:56:47,18.92,,
1749,06/02/2021 16:57:47,18.96,,
1750,06/02/2021 16:58:47,18.92,,
1751,06/02/2021 16:59:47,18.92,,
1752,06/02/2021 17:00:47,18.92,,
1753,06/02/2021 17:01:47,18.92,,
1754,06/02/2021 17:02:47,18.87,,
1755,06/02/2021 17:03:47,18.87,,
1756,06/02/2021 17:04:47,18.87,,
1757,06/02/2021 17:05:47,18.87,,
1758,06/02/2021 17:06:47,18.87,,
1759,06/02/2021 17:07:47,18.83,,
1760,06/02/2021 17:08:47,18.83,,
1761,06/02/2021 17:09:47,18.83,,
1762,06/02/2021 17:10:47,18.79,,
1763,06/02/2021 17:11:47,18.83,,
1764,06/02/2021 17:12:47,18.79,,
1765,06/02/2021 17:13:47,18.79,,
1766,06/02/2021 17:14:47,18.74,,
1767,06/02/2021 17:15:47,18.79,,
1768,06/02/2021 17:16:47,18.74,,
1769,06/02/2021 17:17:47,18.79,,
1770,06/02/2021 17:18:47,18.74,,
1771,06/02/2021 17:19:47,18.74,,
1772,06/02/2021 17:20:47,18.79,,
1773,06/02/2021 17:21:47,18.74,,
1774,06/02/2021 17:22:47,18.74,,
1775,06/02/2021 17:23:47,18.74,,
1776,06/02/2021 17:24:47,18.74,,
1777,06/02/2021 17:25:47,18.70,,
1778,06/02/2021 17:26:47,18.70,,
1779,06/02/2021 17:27:47,18.74,,
1780,06/02/2021 17:28:47,18.74,,
1781,06/02/2021 17:29:47,18.70,,
1782,06/02/2021 17:30:47,18.70,,
1783,06/02/2021 17:31:47,18.70,,
1784,06/02/2021 17:32:47,18.70,,
1785,06/02/2021 17:33:47,18.70,,
1786,06/02/2021 17:34:47,18.70,,
1787,06/02/2021 17:35:47,18.70,,
1788,06/02/2021 17:36:47,18.74,,
1789,06/02/2021 17:37:47,18.70,,
1790,06/02/2021 17:38:47,18.66,,
1791,06/02/2021 17:39:47,18.70,,
1792,06/02/2021 17:40:47,18.66,,
1793,06/02/2021 17:41:47,18.66,,
1794,06/02/2021 17:42:47,18.66,,
1795,06/02/2021 17:43:47,18.70,,
1796,06/02/2021 17:44:47,18.70,,
1797,06/02/2021 17:45:47,18.70,,
1798,06/02/2021 17:46:47,18.74,,
1799,06/02/2021 17:47:47,18.74,,
1800,06/02/2021 17:48:47,18.79,,
1801,06/02/2021 17:49:47,18.74,,
1802,06/02/2021 17:50:47,18.74,,
1803,06/02/2021 17:51:47,18.79,,
1804,06/02/2021 17:52:47,18.70,,
1805,06/02/2021 17:53:47,18.74,,
1806,06/02/2021 17:54:47,18.74,,
1807,06/02/2021 17:55:47,18.74,,
1808,06/02/2021 17:56:47,18.74,,
1809,06/02/2021 17:57:47,18.74,,
1810,06/02/2021 17:58:47,18.70,,
1811,06/02/2021 17:59:47,18.74,,
1812,06/02/2021 18:00:47,18.74,,
1813,06/02/2021 18:01:47,18.70,,
1814,06/02/2021 18:02:47,18.74,,
1815,06/02/2021 18:02:52,,Logged,
1816,06/02/2021 18:03:47,18.66,,
1817,06/02/2021 18:04:47,18.74,,
1818,06/02/2021 18:05:47,18.74,,
1819,06/02/2021 18:06:47,18.74,,
1820,06/02/2021 18:07:47,18.79,,
1821,06/02/2021 18:08:47,18.74,,
1822,06/02/2021 18:09:47,18.83,,
1823,06/02/2021 18:10:47,18.79,,
1824,06/02/2021 18:11:47,18.87,,
1825,06/02/2021 18:12:47,18.83,,
1826,06/02/2021 18:13:47,18.83,,
1827,06/02/2021 18:14:47,18.83,,
1828,06/02/2021 18:15:47,18.87,,
1829,06/02/2021 18:16:47,18.87,,
1830,06/02/2021 18:17:47,18.87,,
1831,06/02/2021 18:18:47,18.96,,
1832,06/02/2021 18:19:47,18.96,,
1833,06/02/2021 18:20:47,18.96,,
1834,06/02/2021 18:21:47,18.96,,
1835,06/02/2021 18:22:47,18.96,,
1836,06/02/2021 18:23:47,18.92,,
1837,06/02/2021 18:24:47,18.96,,
1838,06/02/2021 18:25:47,19.00,,
1839,06/02/2021 18:26:47,18.92,,
1840,06/02/2021 18:27:47,18.96,,
1841,06/02/2021 18:28:47,18.96,,
1842,06/02/2021 18:29:47,18.96,,
1843,06/02/2021 18:30:47,19.00,,
1844,06/02/2021 18:31:47,18.96,,
1845,06/02/2021 18:32:47,18.96,,
1846,06/02/2021 18:33:47,18.96,,
1847,06/02/2021 18:34:47,18.92,,
1848,06/02/2021 18:35:47,18.92,,
1849,06/02/2021 18:36:47,18.92,,
1850,06/02/2021 18:37:47,18.87,,
1851,06/02/2021 18:38:47,18.92,,
1852,06/02/2021 18:39:47,18.87,,
1853,06/02/2021 18:40:47,18.83,,
1854,06/02/2021 18:41:47,18.83,,
1855,06/02/2021 18:42:47,18.83,,
1856,06/02/2021 18:43:47,18.79,,
1857,06/02/2021 18:44:47,18.83,,
1858,06/02/2021 18:45:47,18.79,,
1859,06/02/2021 18:46:47,18.79,,
1860,06/02/2021 18:47:47,18.74,,
1861,06/02/2021 18:48:47,18.74,,
1862,06/02/2021 18:49:47,18.74,,
1863,06/02/2021 18:50:47,18.70,,
1864,06/02/2021 18:51:47,18.74,,
1865,06/02/2021 18:52:47,18.79,,
1866,06/02/2021 18:53:47,18.79,,
1867,06/02/2021 18:54:47,18.83,,
1868,06/02/2021 18:55:47,18.74,,
1869,06/02/2021 18:56:47,18.70,,
1870,06/02/2021 18:57:47,18.70,,
1871,06/02/2021 18:58:47,18.66,,
1872,06/02/2021 18:59:47,18.62,,
1873,06/02/2021 19:00:47,18.57,,
1874,06/02/2021 19:01:47,18.57,,
1875,06/02/2021 19:02:47,18.53,,
1876,06/02/2021 19:03:47,18.57,,
1877,06/02/2021 19:04:47,18.49,,
1878,06/02/2021 19:05:47,18.44,,
1879,06/02/2021 19:06:47,18.40,,
1880,06/02/2021 19:07:47,18.40,,
1881,06/02/2021 19:08:47,18.36,,
1882,06/02/2021 19:09:47,18.40,,
1883,06/02/2021 19:10:47,18.36,,
1884,06/02/2021 19:11:47,18.36,,
1885,06/02/2021 19:12:47,18.36,,
1886,06/02/2021 19:13:47,18.32,,
1887,06/02/2021 19:14:47,18.27,,
1888,06/02/2021 19:15:47,18.27,,
1889,06/02/2021 19:16:47,18.23,,
1890,06/02/2021 19:17:47,18.19,,
1891,06/02/2021 19:18:47,18.23,,
1892,06/02/2021 19:19:47,18.23,,
1893,06/02/2021 19:20:47,18.19,,
1894,06/02/2021 19:21:47,18.19,,
1895,06/02/2021 19:22:47,18.19,,
1896,06/02/2021 19:23:47,18.19,,
1897,06/02/2021 19:24:47,18.10,,
1898,06/02/2021 19:25:47,18.14,,
1899,06/02/2021 19:26:47,18.10,,
1900,06/02/2021 19:27:47,18.10,,
1901,06/02/2021 19:28:47,18.10,,
1902,06/02/2021 19:29:47,18.06,,
1903,06/02/2021 19:30:47,18.06,,
1904,06/02/2021 19:31:47,18.02,,
1905,06/02/2021 19:32:47,18.02,,
1906,06/02/2021 19:33:47,17.97,,
1907,06/02/2021 19:34:47,18.02,,
1908,06/02/2021 19:35:47,17.97,,
1909,06/02/2021 19:36:47,17.97,,
1910,06/02/2021 19:37:47,17.97,,
1911,06/02/2021 19:38:47,17.93,,
1912,06/02/2021 19:39:47,17.97,,
1913,06/02/2021 19:40:47,17.89,,
1914,06/02/2021 19:41:47,17.84,,
1915,06/02/2021 19:42:47,17.89,,
1916,06/02/2021 19:43:47,17.89,,
1917,06/02/2021 19:44:47,17.89,,
1918,06/02/2021 19:45:47,17.84,,
1919,06/02/2021 19:46:47,17.89,,
1920,06/02/2021 19:47:47,17.89,,
1921,06/02/2021 19:48:47,17.89,,
1922,06/02/2021 19:49:47,17.93,,
1923,06/02/2021 19:50:47,17.89,,
1924,06/02/2021 19:51:47,17.93,,
1925,06/02/2021 19:52:47,17.93,,
1926,06/02/2021 19:53:47,17.93,,
1927,06/02/2021 19:54:47,17.97,,
1928,06/02/2021 19:55:47,17.89,,
1929,06/02/2021 19:56:47,17.93,,
1930,06/02/2021 19:57:47,17.89,,
1931,06/02/2021 19:58:47,17.84,,
1932,06/02/2021 19:59:47,17.84,,
1933,06/02/2021 20:00:47,17.80,,
1934,06/02/2021 20:01:47,17.80,,
1935,06/02/2021 20:02:47,17.80,,
1936,06/02/2021 20:03:47,17.80,,
1937,06/02/2021 20:04:47,17.84,,
1938,06/02/2021 20:05:47,17.76,,
1939,06/02/2021 20:06:47,17.76,,
1940,06/02/2021 20:07:47,17.76,,
1941,06/02/2021 20:08:47,17.76,,
1942,06/02/2021 20:09:47,17.72,,
1943,06/02/2021 20:10:47,17.76,,
1944,06/02/2021 20:11:47,17.76,,
1945,06/02/2021 20:12:47,17.76,,
1946,06/02/2021 20:13:47,17.72,,
1947,06/02/2021 20:14:47,17.72,,
1948,06/02/2021 20:15:47,17.80,,
1949,06/02/2021 20:16:47,17.89,,
1950,06/02/2021 20:17:47,17.89,,
1951,06/02/2021 20:18:47,17.97,,
1952,06/02/2021 20:19:47,17.97,,
1953,06/02/2021 20:20:47,18.02,,
1954,06/02/2021 20:21:47,18.02,,
1955,06/02/2021 20:22:47,18.10,,
1956,06/02/2021 20:23:47,18.14,,
1957,06/02/2021 20:24:47,18.19,,
1958,06/02/2021 20:25:47,18.19,,
1959,06/02/2021 20:26:47,18.19,,
1960,06/02/2021 20:27:47,18.19,,
1961,06/02/2021 20:28:47,18.27,,
1962,06/02/2021 20:29:47,18.23,,
1963,06/02/2021 20:30:47,18.23,,
1964,06/02/2021 20:31:47,18.27,,
1965,06/02/2021 20:32:47,18.23,,
1966,06/02/2021 20:33:47,18.19,,
1967,06/02/2021 20:34:47,18.23,,
1968,06/02/2021 20:35:47,18.14,,
1969,06/02/2021 20:36:47,18.14,,
1970,06/02/2021 20:37:47,18.19,,
1971,06/02/2021 20:38:47,18.14,,
1972,06/02/2021 20:39:47,18.14,,
1973,06/02/2021 20:40:47,18.10,,
1974,06/02/2021 20:41:47,18.10,,
1975,06/02/2021 20:42:47,18.14,,
1976,06/02/2021 20:43:47,18.10,,
1977,06/02/2021 20:44:47,18.10,,
1978,06/02/2021 20:45:47,18.10,,
1979,06/02/2021 20:46:47,18.10,,
1980,06/02/2021 20:47:47,18.06,,
1981,06/02/2021 20:48:47,18.06,,
1982,06/02/2021 20:49:47,17.97,,
1983,06/02/2021 20:50:47,17.93,,
1984,06/02/2021 20:51:47,17.93,,
1985,06/02/2021 20:52:47,17.93,,
1986,06/02/2021 20:53:47,17.93,,
1987,06/02/2021 20:54:47,17.89,,
1988,06/02/2021 20:55:47,17.89,,
1989,06/02/2021 20:56:47,17.76,,
1990,06/02/2021 20:57:47,17.76,,
1991,06/02/2021 20:58:47,17.76,,
1992,06/02/2021 20:59:47,17.72,,
1993,06/02/2021 21:00:47,17.67,,
1994,06/02/2021 21:01:47,17.67,,
1995,06/02/2021 21:02:47,17.63,,
1996,06/02/2021 21:03:47,17.59,,
1997,06/02/2021 21:04:47,17.54,,
1998,06/02/2021 21:05:47,17.54,,
1999,06/02/2021 21:06:47,17.54,,
2000,06/02/2021 21:07:47,17.50,,
2001,06/02/2021 21:08:47,17.50,,
2002,06/02/2021 21:09:47,17.50,,
2003,06/02/2021 21:10:47,17.46,,
2004,06/02/2021 21:11:47,17.46,,
2005,06/02/2021 21:12:47,17.46,,
2006,06/02/2021 21:13:47,17.46,,
2007,06/02/2021 21:14:47,17.46,,
2008,06/02/2021 21:15:47,17.41,,
2009,06/02/2021 21:16:47,17.41,,
2010,06/02/2021 21:17:47,17.46,,
2011,06/02/2021 21:18:47,17.41,,
2012,06/02/2021 21:19:47,17.41,,
2013,06/02/2021 21:20:47,17.41,,
2014,06/02/2021 21:21:47,17.37,,
2015,06/02/2021 21:22:47,17.37,,
2016,06/02/2021 21:23:47,17.33,,
2017,06/02/2021 21:24:47,17.41,,
2018,06/02/2021 21:25:47,17.33,,
2019,06/02/2021 21:26:47,17.37,,
2020,06/02/2021 21:27:47,17.33,,
2021,06/02/2021 21:28:47,17.33,,
2022,06/02/2021 21:29:47,17.33,,
2023,06/02/2021 21:30:47,17.33,,
2024,06/02/2021 21:31:47,17.33,,
2025,06/02/2021 21:32:47,17.33,,
2026,06/02/2021 21:33:47,17.29,,
2027,06/02/2021 21:34:47,17.29,,
2028,06/02/2021 21:35:47,17.24,,
2029,06/02/2021 21:36:47,17.24,,
2030,06/02/2021 21:37:47,17.29,,
2031,06/02/2021 21:38:47,17.20,,
2032,06/02/2021 21:39:47,17.24,,
2033,06/02/2021 21:40:47,17.24,,
2034,06/02/2021 21:41:47,17.20,,
2035,06/02/2021 21:42:47,17.20,,
2036,06/02/2021 21:43:47,17.20,,
2037,06/02/2021 21:44:47,17.24,,
2038,06/02/2021 21:45:47,17.20,,
2039,06/02/2021 21:46:47,17.20,,
2040,06/02/2021 21:47:47,17.16,,
2041,06/02/2021 21:48:47,17.16,,
2042,06/02/2021 21:49:47,17.16,,
2043,06/02/2021 21:50:47,17.16,,
2044,06/02/2021 21:51:47,17.16,,
2045,06/02/2021 21:52:47,17.11,,
2046,06/02/2021 21:53:47,17.16,,
2047,06/02/2021 21:54:47,17.11,,
2048,06/02/2021 21:55:47,17.11,,
2049,06/02/2021 21:56:47,17.11,,
2050,06/02/2021 21:57:47,17.16,,
2051,06/02/2021 21:58:47,17.11,,
2052,06/02/2021 21:59:47,17.11,,
2053,06/02/2021 22:00:47,17.16,,
2054,06/02/2021 22:01:47,17.11,,
2055,06/02/2021 22:02:47,17.16,,
2056,06/02/2021 22:03:47,17.11,,
2057,06/02/2021 22:04:47,17.16,,
2058,06/02/2021 22:05:47,17.07,,
2059,06/02/2021 22:06:47,17.16,,
2060,06/02/2021 22:07:47,17.11,,
2061,06/02/2021 22:08:47,17.16,,
2062,06/02/2021 22:09:47,17.16,,
2063,06/02/2021 22:10:47,17.11,,
2064,06/02/2021 22:11:47,17.16,,
2065,06/02/2021 22:12:47,17.16,,
2066,06/02/2021 22:13:47,17.16,,
2067,06/02/2021 22:14:47,17.16,,
2068,06/02/2021 22:15:47,17.16,,
2069,06/02/2021 22:16:47,17.16,,
2070,06/02/2021 22:17:47,17.16,,
2071,06/02/2021 22:18:47,17.20,,
2072,06/02/2021 22:19:47,17.16,,
2073,06/02/2021 22:20:47,17.16,,
2074,06/02/2021 22:21:47,17.16,,
2075,06/02/2021 22:22:47,17.16,,
2076,06/02/2021 22:23:47,17.16,,
2077,06/02/2021 22:24:47,17.16,,
2078,06/02/2021 22:25:47,17.16,,
2079,06/02/2021 22:26:47,17.16,,
2080,06/02/2021 22:27:47,17.16,,
2081,06/02/2021 22:28:47,17.16,,
2082,06/02/2021 22:29:47,17.16,,
2083,06/02/2021 22:30:47,17.16,,
2084,06/02/2021 22:31:47,17.16,,
2085,06/02/2021 22:32:47,17.11,,
2086,06/02/2021 22:33:47,17.11,,
2087,06/02/2021 22:34:47,17.11,,
2088,06/02/2021 22:35:47,17.07,,
2089,06/02/2021 22:36:47,17.07,,
2090,06/02/2021 22:37:47,17.11,,
2091,06/02/2021 22:38:47,17.07,,
2092,06/02/2021 22:39:47,17.07,,
2093,06/02/2021 22:40:47,17.07,,
2094,06/02/2021 22:41:47,17.07,,
2095,06/02/2021 22:42:47,17.07,,
2096,06/02/2021 22:43:47,17.07,,
2097,06/02/2021 22:44:47,17.03,,
2098,06/02/2021 22:45:47,17.03,,
2099,06/02/2021 22:46:47,17.03,,
2100,06/02/2021 22:47:47,17.03,,
2101,06/02/2021 22:48:47,17.03,,
2102,06/02/2021 22:49:47,17.03,,
2103,06/02/2021 22:50:47,17.03,,
2104,06/02/2021 22:51:47,17.03,,
2105,06/02/2021 22:52:47,17.03,,
2106,06/02/2021 22:53:47,17.03,,
2107,06/02/2021 22:54:47,17.03,,
2108,06/02/2021 22:55:47,16.99,,
2109,06/02/2021 22:56:47,16.99,,
2110,06/02/2021 22:57:47,16.99,,
2111,06/02/2021 22:58:47,16.99,,
2112,06/02/2021 22:59:47,16.99,,
2113,06/02/2021 23:00:47,16.94,,
2114,06/02/2021 23:01:47,16.94,,
2115,06/02/2021 23:02:47,16.99,,
2116,06/02/2021 23:03:47,16.94,,
2117,06/02/2021 23:04:47,16.94,,
2118,06/02/2021 23:05:47,16.99,,
2119,06/02/2021 23:06:47,16.99,,
2120,06/02/2021 23:07:47,16.99,,
2121,06/02/2021 23:08:47,16.94,,
2122,06/02/2021 23:09:47,16.94,,
2123,06/02/2021 23:10:47,16.94,,
2124,06/02/2021 23:11:47,16.94,,
2125,06/02/2021 23:12:47,16.90,,
2126,06/02/2021 23:13:47,16.99,,
2127,06/02/2021 23:14:47,16.94,,
2128,06/02/2021 23:15:47,16.94,,
2129,06/02/2021 23:16:47,16.99,,
2130,06/02/2021 23:17:47,16.99,,
2131,06/02/2021 23:18:47,16.99,,
2132,06/02/2021 23:19:47,16.94,,
2133,06/02/2021 23:20:47,16.94,,
2134,06/02/2021 23:21:47,16.94,,
2135,06/02/2021 23:22:47,16.94,,
2136,06/02/2021 23:23:47,16.90,,
2137,06/02/2021 23:24:47,16.99,,
2138,06/02/2021 23:25:47,16.99,,
2139,06/02/2021 23:26:47,16.90,,
2140,06/02/2021 23:27:47,16.94,,
2141,06/02/2021 23:28:47,16.90,,
2142,06/02/2021 23:29:47,16.94,,
2143,06/02/2021 23:30:47,16.94,,
2144,06/02/2021 23:31:47,16.94,,
2145,06/02/2021 23:32:47,16.90,,
2146,06/02/2021 23:33:47,16.90,,
2147,06/02/2021 23:34:47,16.94,,
2148,06/02/2021 23:35:47,16.94,,
2149,06/02/2021 23:36:47,16.94,,
2150,06/02/2021 23:37:47,16.99,,
2151,06/02/2021 23:38:47,16.99,,
2152,06/02/2021 23:39:47,16.99,,
2153,06/02/2021 23:40:47,16.99,,
2154,06/02/2021 23:41:47,16.94,,
2155,06/02/2021 23:42:47,16.99,,
2156,06/02/2021 23:43:47,16.94,,
2157,06/02/2021 23:44:47,16.94,,
2158,06/02/2021 23:45:47,16.94,,
2159,06/02/2021 23:46:47,16.94,,
2160,06/02/2021 23:47:47,16.94,,
2161,06/02/2021 23:48:47,16.94,,
2162,06/02/2021 23:49:47,16.94,,
2163,06/02/2021 23:50:47,16.94,,
2164,06/02/2021 23:51:47,16.99,,
2165,06/02/2021 23:52:47,16.94,,
2166,06/02/2021 23:53:47,16.94,,
2167,06/02/2021 23:54:47,16.94,,
2168,06/02/2021 23:55:47,16.94,,
2169,06/02/2021 23:56:47,16.90,,
2170,06/02/2021 23:57:47,16.94,,
2171,06/02/2021 23:58:47,16.94,,
2172,06/02/2021 23:59:47,16.90,,
2173,06/03/2021 00:00:47,16.94,,
2174,06/03/2021 00:01:47,16.94,,
2175,06/03/2021 00:02:47,16.94,,
2176,06/03/2021 00:03:47,16.90,,
2177,06/03/2021 00:04:47,16.90,,
2178,06/03/2021 00:05:47,16.90,,
2179,06/03/2021 00:06:47,16.94,,
2180,06/03/2021 00:07:47,16.94,,
2181,06/03/2021 00:08:47,16.94,,
2182,06/03/2021 00:09:47,16.94,,
2183,06/03/2021 00:10:47,16.99,,
2184,06/03/2021 00:11:47,16.94,,
2185,06/03/2021 00:12:47,16.90,,
2186,06/03/2021 00:13:47,16.90,,
2187,06/03/2021 00:14:47,16.99,,
2188,06/03/2021 00:15:47,16.94,,
2189,06/03/2021 00:16:47,16.94,,
2190,06/03/2021 00:17:47,16.94,,
2191,06/03/2021 00:18:47,16.94,,
2192,06/03/2021 00:19:47,16.94,,
2193,06/03/2021 00:20:47,16.94,,
2194,06/03/2021 00:21:47,16.99,,
2195,06/03/2021 00:22:47,16.94,,
2196,06/03/2021 00:23:47,16.90,,
2197,06/03/2021 00:24:47,16.90,,
2198,06/03/2021 00:25:47,16.94,,
2199,06/03/2021 00:26:47,16.94,,
2200,06/03/2021 00:27:47,16.94,,
2201,06/03/2021 00:28:47,16.94,,
2202,06/03/2021 00:29:47,16.99,,
2203,06/03/2021 00:30:47,16.99,,
2204,06/03/2021 00:31:47,16.94,,
2205,06/03/2021 00:32:47,16.99,,
2206,06/03/2021 00:33:47,16.99,,
2207,06/03/2021 00:34:47,16.94,,
2208,06/03/2021 00:35:47,16.99,,
2209,06/03/2021 00:36:47,16.99,,
2210,06/03/2021 00:37:47,16.99,,
2211,06/03/2021 00:38:47,17.03,,
2212,06/03/2021 00:39:47,16.94,,
2213,06/03/2021 00:40:47,16.99,,
2214,06/03/2021 00:41:47,16.99,,
2215,06/03/2021 00:42:47,16.94,,
2216,06/03/2021 00:43:47,16.99,,
2217,06/03/2021 00:44:47,16.99,,
2218,06/03/2021 00:45:47,17.03,,
2219,06/03/2021 00:46:47,17.03,,
2220,06/03/2021 00:47:47,17.03,,
2221,06/03/2021 00:48:47,16.99,,
2222,06/03/2021 00:49:47,17.03,,
2223,06/03/2021 00:50:47,16.99,,
2224,06/03/2021 00:51:47,16.99,,
2225,06/03/2021 00:52:47,16.99,,
2226,06/03/2021 00:53:47,17.03,,
2227,06/03/2021 00:54:47,17.03,,
2228,06/03/2021 00:55:47,17.03,,
2229,06/03/2021 00:56:47,17.03,,
2230,06/03/2021 00:57:47,17.03,,
2231,06/03/2021 00:58:47,16.99,,
2232,06/03/2021 00:59:47,16.99,,
2233,06/03/2021 01:00:47,16.99,,
2234,06/03/2021 01:01:47,16.99,,
2235,06/03/2021 01:02:47,17.03,,
2236,06/03/2021 01:03:47,17.03,,
2237,06/03/2021 01:04:47,17.03,,
2238,06/03/2021 01:05:47,17.03,,
2239,06/03/2021 01:06:47,17.03,,
2240,06/03/2021 01:07:47,16.99,,
2241,06/03/2021 01:08:47,16.99,,
2242,06/03/2021 01:09:47,16.99,,
2243,06/03/2021 01:10:47,17.03,,
2244,06/03/2021 01:11:47,16.99,,
2245,06/03/2021 01:12:47,16.99,,
2246,06/03/2021 01:13:47,17.03,,
2247,06/03/2021 01:14:47,17.03,,
2248,06/03/2021 01:15:47,17.03,,
2249,06/03/2021 01:16:47,17.03,,
2250,06/03/2021 01:17:47,16.99,,
2251,06/03/2021 01:18:47,16.94,,
2252,06/03/2021 01:19:47,16.94,,
2253,06/03/2021 01:20:47,17.03,,
2254,06/03/2021 01:21:47,16.99,,
2255,06/03/2021 01:22:47,16.99,,
2256,06/03/2021 01:23:47,16.99,,
2257,06/03/2021 01:24:47,16.99,,
2258,06/03/2021 01:25:47,16.99,,
2259,06/03/2021 01:26:47,16.94,,
2260,06/03/2021 01:27:47,16.94,,
2261,06/03/2021 01:28:47,16.94,,
2262,06/03/2021 01:29:47,16.99,,
2263,06/03/2021 01:30:47,16.99,,
2264,06/03/2021 01:31:47,16.90,,
2265,06/03/2021 01:32:47,16.94,,
2266,06/03/2021 01:33:47,16.94,,
2267,06/03/2021 01:34:47,16.94,,
2268,06/03/2021 01:35:47,16.90,,
2269,06/03/2021 01:36:47,16.90,,
2270,06/03/2021 01:37:47,16.90,,
2271,06/03/2021 01:38:47,16.86,,
2272,06/03/2021 01:39:47,16.86,,
2273,06/03/2021 01:40:47,16.90,,
2274,06/03/2021 01:41:47,16.86,,
2275,06/03/2021 01:42:47,16.86,,
2276,06/03/2021 01:43:47,16.86,,
2277,06/03/2021 01:44:47,16.81,,
2278,06/03/2021 01:45:47,16.81,,
2279,06/03/2021 01:46:47,16.81,,
2280,06/03/2021 01:47:47,16.81,,
2281,06/03/2021 01:48:47,16.81,,
2282,06/03/2021 01:49:47,16.77,,
2283,06/03/2021 01:50:47,16.81,,
2284,06/03/2021 01:51:47,16.81,,
2285,06/03/2021 01:52:47,16.77,,
2286,06/03/2021 01:53:47,16.77,,
2287,06/03/2021 01:54:47,16.77,,
2288,06/03/2021 01:55:47,16.77,,
2289,06/03/2021 01:56:47,16.81,,
2290,06/03/2021 01:57:47,16.77,,
2291,06/03/2021 01:58:47,16.77,,
2292,06/03/2021 01:59:47,16.77,,
2293,06/03/2021 02:00:47,16.77,,
2294,06/03/2021 02:01:47,16.73,,
2295,06/03/2021 02:02:47,16.73,,
2296,06/03/2021 02:03:47,16.77,,
2297,06/03/2021 02:04:47,16.69,,
2298,06/03/2021 02:05:47,16.77,,
2299,06/03/2021 02:06:47,16.73,,
2300,06/03/2021 02:07:47,16.69,,
2301,06/03/2021 02:08:47,16.69,,
2302,06/03/2021 02:09:47,16.69,,
2303,06/03/2021 02:10:47,16.69,,
2304,06/03/2021 02:11:47,16.69,,
2305,06/03/2021 02:12:47,16.69,,
2306,06/03/2021 02:13:47,16.64,,
2307,06/03/2021 02:14:47,16.69,,
2308,06/03/2021 02:15:47,16.64,,
2309,06/03/2021 02:16:47,16.69,,
2310,06/03/2021 02:17:47,16.64,,
2311,06/03/2021 02:18:47,16.64,,
2312,06/03/2021 02:19:47,16.69,,
2313,06/03/2021 02:20:47,16.64,,
2314,06/03/2021 02:21:47,16.64,,
2315,06/03/2021 02:22:47,16.64,,
2316,06/03/2021 02:23:47,16.64,,
2317,06/03/2021 02:24:47,16.60,,
2318,06/03/2021 02:25:47,16.64,,
2319,06/03/2021 02:26:47,16.60,,
2320,06/03/2021 02:27:47,16.64,,
2321,06/03/2021 02:28:47,16.64,,
2322,06/03/2021 02:29:47,16.60,,
2323,06/03/2021 02:30:47,16.64,,
2324,06/03/2021 02:31:47,16.64,,
2325,06/03/2021 02:32:47,16.56,,
2326,06/03/2021 02:33:47,16.60,,
2327,06/03/2021 02:34:47,16.69,,
2328,06/03/2021 02:35:47,16.64,,
2329,06/03/2021 02:36:47,16.64,,
2330,06/03/2021 02:37:47,16.60,,
2331,06/03/2021 02:38:47,16.64,,
2332,06/03/2021 02:39:47,16.60,,
2333,06/03/2021 02:40:47,16.64,,
2334,06/03/2021 02:41:47,16.60,,
2335,06/03/2021 02:42:47,16.60,,
2336,06/03/2021 02:43:47,16.56,,
2337,06/03/2021 02:44:47,16.60,,
2338,06/03/2021 02:45:47,16.64,,
2339,06/03/2021 02:46:47,16.60,,
2340,06/03/2021 02:47:47,16.60,,
2341,06/03/2021 02:48:47,16.56,,
2342,06/03/2021 02:49:47,16.60,,
2343,06/03/2021 02:50:47,16.60,,
2344,06/03/2021 02:51:47,16.60,,
2345,06/03/2021 02:52:47,16.56,,
2346,06/03/2021 02:53:47,16.56,,
2347,06/03/2021 02:54:47,16.56,,
2348,06/03/2021 02:55:47,16.56,,
2349,06/03/2021 02:56:47,16.60,,
2350,06/03/2021 02:57:47,16.56,,
2351,06/03/2021 02:58:47,16.56,,
2352,06/03/2021 02:59:47,16.56,,
2353,06/03/2021 03:00:47,16.56,,
2354,06/03/2021 03:01:47,16.56,,
2355,06/03/2021 03:02:47,16.56,,
2356,06/03/2021 03:03:47,16.56,,
2357,06/03/2021 03:04:47,16.56,,
2358,06/03/2021 03:05:47,16.51,,
2359,06/03/2021 03:06:47,16.51,,
2360,06/03/2021 03:07:47,16.51,,
2361,06/03/2021 03:08:47,16.51,,
2362,06/03/2021 03:09:47,16.56,,
2363,06/03/2021 03:10:47,16.51,,
2364,06/03/2021 03:11:47,16.47,,
2365,06/03/2021 03:12:47,16.51,,
2366,06/03/2021 03:13:47,16.51,,
2367,06/03/2021 03:14:47,16.47,,
2368,06/03/2021 03:15:47,16.43,,
2369,06/03/2021 03:16:47,16.51,,
2370,06/03/2021 03:17:47,16.51,,
2371,06/03/2021 03:18:47,16.51,,
2372,06/03/2021 03:19:47,16.47,,
2373,06/03/2021 03:20:47,16.47,,
2374,06/03/2021 03:21:47,16.43,,
2375,06/03/2021 03:22:47,16.47,,
2376,06/03/2021 03:23:47,16.51,,
2377,06/03/2021 03:24:47,16.51,,
2378,06/03/2021 03:25:47,16.47,,
2379,06/03/2021 03:26:47,16.47,,
2380,06/03/2021 03:27:47,16.43,,
2381,06/03/2021 03:28:47,16.47,,
2382,06/03/2021 03:29:47,16.47,,
2383,06/03/2021 03:30:47,16.47,,
2384,06/03/2021 03:31:47,16.51,,
2385,06/03/2021 03:32:47,16.51,,
2386,06/03/2021 03:33:47,16.43,,
2387,06/03/2021 03:34:47,16.43,,
2388,06/03/2021 03:35:47,16.43,,
2389,06/03/2021 03:36:47,16.47,,
2390,06/03/2021 03:37:47,16.43,,
2391,06/03/2021 03:38:47,16.43,,
2392,06/03/2021 03:39:47,16.43,,
2393,06/03/2021 03:40:47,16.39,,
2394,06/03/2021 03:41:47,16.39,,
2395,06/03/2021 03:42:47,16.43,,
2396,06/03/2021 03:43:47,16.39,,
2397,06/03/2021 03:44:47,16.39,,
2398,06/03/2021 03:45:47,16.39,,
2399,06/03/2021 03:46:47,16.39,,
2400,06/03/2021 03:47:47,16.43,,
2401,06/03/2021 03:48:47,16.34,,
2402,06/03/2021 03:49:47,16.39,,
2403,06/03/2021 03:50:47,16.43,,
2404,06/03/2021 03:51:47,16.39,,
2405,06/03/2021 03:52:47,16.39,,
2406,06/03/2021 03:53:47,16.39,,
2407,06/03/2021 03:54:47,16.39,,
2408,06/03/2021 03:55:47,16.39,,
2409,06/03/2021 03:56:47,16.39,,
2410,06/03/2021 03:57:47,16.34,,
2411,06/03/2021 03:58:47,16.34,,
2412,06/03/2021 03:59:47,16.34,,
2413,06/03/2021 04:00:47,16.34,,
2414,06/03/2021 04:01:47,16.30,,
2415,06/03/2021 04:02:47,16.34,,
2416,06/03/2021 04:03:47,16.34,,
2417,06/03/2021 04:04:47,16.34,,
2418,06/03/2021 04:05:47,16.30,,
2419,06/03/2021 04:06:47,16.34,,
2420,06/03/2021 04:07:47,16.34,,
2421,06/03/2021 04:08:47,16.30,,
2422,06/03/2021 04:09:47,16.34,,
2423,06/03/2021 04:10:47,16.30,,
2424,06/03/2021 04:11:47,16.26,,
2425,06/03/2021 04:12:47,16.26,,
2426,06/03/2021 04:13:47,16.30,,
2427,06/03/2021 04:14:47,16.30,,
2428,06/03/2021 04:15:47,16.30,,
2429,06/03/2021 04:16:47,16.26,,
2430,06/03/2021 04:17:47,16.26,,
2431,06/03/2021 04:18:47,16.26,,
2432,06/03/2021 04:19:47,16.26,,
2433,06/03/2021 04:20:47,16.21,,
2434,06/03/2021 04:21:47,16.26,,
2435,06/03/2021 04:22:47,16.26,,
2436,06/03/2021 04:23:47,16.21,,
2437,06/03/2021 04:24:47,16.21,,
2438,06/03/2021 04:25:47,16.21,,
2439,06/03/2021 04:26:47,16.21,,
2440,06/03/2021 04:27:47,16.21,,
2441,06/03/2021 04:28:47,16.21,,
2442,06/03/2021 04:29:47,16.17,,
2443,06/03/2021 04:30:47,16.21,,
2444,06/03/2021 04:31:47,16.17,,
2445,06/03/2021 04:32:47,16.17,,
2446,06/03/2021 04:33:47,16.17,,
2447,06/03/2021 04:34:47,16.17,,
2448,06/03/2021 04:35:47,16.21,,
2449,06/03/2021 04:36:47,16.13,,
2450,06/03/2021 04:37:47,16.17,,
2451,06/03/2021 04:38:47,16.13,,
2452,06/03/2021 04:39:47,16.13,,
2453,06/03/2021 04:40:47,16.17,,
2454,06/03/2021 04:41:47,16.17,,
2455,06/03/2021 04:42:47,16.17,,
2456,06/03/2021 04:43:47,16.17,,
2457,06/03/2021 04:44:47,16.17,,
2458,06/03/2021 04:45:47,16.13,,
2459,06/03/2021 04:46:47,16.08,,
2460,06/03/2021 04:47:47,16.08,,
2461,06/03/2021 04:48:47,16.13,,
2462,06/03/2021 04:49:47,16.13,,
2463,06/03/2021 04:50:47,16.08,,
2464,06/03/2021 04:51:47,16.08,,
2465,06/03/2021 04:52:47,16.04,,
2466,06/03/2021 04:53:47,16.08,,
2467,06/03/2021 04:54:47,16.08,,
2468,06/03/2021 04:55:47,16.04,,
2469,06/03/2021 04:56:47,16.04,,
2470,06/03/2021 04:57:47,16.04,,
2471,06/03/2021 04:58:47,16.04,,
2472,06/03/2021 04:59:47,16.00,,
2473,06/03/2021 05:00:47,16.04,,
2474,06/03/2021 05:01:47,16.00,,
2475,06/03/2021 05:02:47,16.00,,
2476,06/03/2021 05:03:47,16.04,,
2477,06/03/2021 05:04:47,16.00,,
2478,06/03/2021 05:05:47,16.00,,
2479,06/03/2021 05:06:47,16.00,,
2480,06/03/2021 05:07:47,15.96,,
2481,06/03/2021 05:08:47,16.00,,
2482,06/03/2021 05:09:47,15.96,,
2483,06/03/2021 05:10:47,16.00,,
2484,06/03/2021 05:11:47,15.91,,
2485,06/03/2021 05:12:47,16.00,,
2486,06/03/2021 05:13:47,16.00,,
2487,06/03/2021 05:14:47,15.96,,
2488,06/03/2021 05:15:47,15.96,,
2489,06/03/2021 05:16:47,15.91,,
2490,06/03/2021 05:17:47,15.96,,
2491,06/03/2021 05:18:47,15.91,,
2492,06/03/2021 05:19:47,15.96,,
2493,06/03/2021 05:20:47,15.91,,
2494,06/03/2021 05:21:47,15.96,,
2495,06/03/2021 05:22:47,15.96,,
2496,06/03/2021 05:23:47,15.96,,
2497,06/03/2021 05:24:47,15.96,,
2498,06/03/2021 05:25:47,15.91,,
2499,06/03/2021 05:26:47,15.91,,
2500,06/03/2021 05:27:47,15.91,,
2501,06/03/2021 05:28:47,15.91,,
2502,06/03/2021 05:29:47,15.91,,
2503,06/03/2021 05:30:47,15.91,,
2504,06/03/2021 05:31:47,15.91,,
2505,06/03/2021 05:32:47,15.87,,
2506,06/03/2021 05:33:47,15.87,,
2507,06/03/2021 05:34:47,15.91,,
2508,06/03/2021 05:35:47,15.96,,
2509,06/03/2021 05:36:47,15.91,,
2510,06/03/2021 05:37:47,15.87,,
2511,06/03/2021 05:38:47,15.91,,
2512,06/03/2021 05:39:47,15.91,,
2513,06/03/2021 05:40:47,15.87,,
2514,06/03/2021 05:41:47,15.87,,
2515,06/03/2021 05:42:47,15.83,,
2516,06/03/2021 05:43:47,15.83,,
2517,06/03/2021 05:44:47,15.87,,
2518,06/03/2021 05:45:47,15.83,,
2519,06/03/2021 05:46:47,15.87,,
2520,06/03/2021 05:47:47,15.87,,
2521,06/03/2021 05:48:47,15.87,,
2522,06/03/2021 05:49:47,15.87,,
2523,06/03/2021 05:50:47,15.87,,
2524,06/03/2021 05:51:47,15.83,,
2525,06/03/2021 05:52:47,15.83,,
2526,06/03/2021 05:53:47,15.78,,
2527,06/03/2021 05:54:47,15.78,,
2528,06/03/2021 05:55:47,15.83,,
2529,06/03/2021 05:56:47,15.78,,
2530,06/03/2021 05:57:47,15.83,,
2531,06/03/2021 05:58:47,15.83,,
2532,06/03/2021 05:59:47,15.83,,
2533,06/03/2021 06:00:47,15.78,,
2534,06/03/2021 06:01:47,15.78,,
2535,06/03/2021 06:02:47,15.78,,
2536,06/03/2021 06:03:47,15.78,,
2537,06/03/2021 06:04:47,15.78,,
2538,06/03/2021 06:05:47,15.83,,
2539,06/03/2021 06:06:47,15.78,,
2540,06/03/2021 06:07:47,15.78,,
2541,06/03/2021 06:08:47,15.78,,
2542,06/03/2021 06:09:47,15.74,,
2543,06/03/2021 06:10:47,15.74,,
2544,06/03/2021 06:11:47,15.78,,
2545,06/03/2021 06:12:47,15.78,,
2546,06/03/2021 06:13:47,15.78,,
2547,06/03/2021 06:14:47,15.78,,
2548,06/03/2021 06:15:47,15.74,,
2549,06/03/2021 06:16:47,15.74,,
2550,06/03/2021 06:17:47,15.74,,
2551,06/03/2021 06:18:47,15.78,,
2552,06/03/2021 06:19:47,15.78,,
2553,06/03/2021 06:20:47,15.74,,
2554,06/03/2021 06:21:47,15.70,,
2555,06/03/2021 06:22:47,15.74,,
2556,06/03/2021 06:23:47,15.74,,
2557,06/03/2021 06:24:47,15.74,,
2558,06/03/2021 06:25:47,15.74,,
2559,06/03/2021 06:26:47,15.74,,
2560,06/03/2021 06:27:47,15.74,,
2561,06/03/2021 06:28:47,15.78,,
2562,06/03/2021 06:29:47,15.83,,
2563,06/03/2021 06:30:47,15.78,,
2564,06/03/2021 06:31:47,15.78,,
2565,06/03/2021 06:32:47,15.78,,
2566,06/03/2021 06:33:47,15.78,,
2567,06/03/2021 06:34:47,15.74,,
2568,06/03/2021 06:35:47,15.78,,
2569,06/03/2021 06:36:47,15.78,,
2570,06/03/2021 06:37:47,15.74,,
2571,06/03/2021 06:38:47,15.74,,
2572,06/03/2021 06:39:47,15.74,,
2573,06/03/2021 06:40:47,15.74,,
2574,06/03/2021 06:41:47,15.74,,
2575,06/03/2021 06:42:47,15.74,,
2576,06/03/2021 06:43:47,15.74,,
2577,06/03/2021 06:44:47,15.74,,
2578,06/03/2021 06:45:47,15.74,,
2579,06/03/2021 06:46:47,15.74,,
2580,06/03/2021 06:47:47,15.70,,
2581,06/03/2021 06:48:47,15.74,,
2582,06/03/2021 06:49:47,15.74,,
2583,06/03/2021 06:50:47,15.70,,
2584,06/03/2021 06:51:47,15.70,,
2585,06/03/2021 06:52:47,15.70,,
2586,06/03/2021 06:53:47,15.66,,
2587,06/03/2021 06:54:47,15.70,,
2588,06/03/2021 06:55:47,15.70,,
2589,06/03/2021 06:56:47,15.74,,
2590,06/03/2021 06:57:47,15.70,,
2591,06/03/2021 06:58:47,15.70,,
2592,06/03/2021 06:59:47,15.70,,
2593,06/03/2021 07:00:47,15.74,,
2594,06/03/2021 07:01:47,15.78,,
2595,06/03/2021 07:02:47,15.74,,
2596,06/03/2021 07:03:47,15.74,,
2597,06/03/2021 07:04:47,15.74,,
2598,06/03/2021 07:05:47,15.78,,
2599,06/03/2021 07:06:47,15.78,,
2600,06/03/2021 07:07:47,15.74,,
2601,06/03/2021 07:08:47,15.78,,
2602,06/03/2021 07:09:47,15.78,,
2603,06/03/2021 07:10:47,15.78,,
2604,06/03/2021 07:11:47,15.83,,
2605,06/03/2021 07:12:47,15.74,,
2606,06/03/2021 07:13:47,15.78,,
2607,06/03/2021 07:14:47,15.78,,
2608,06/03/2021 07:15:47,15.78,,
2609,06/03/2021 07:16:47,15.78,,
2610,06/03/2021 07:17:47,15.78,,
2611,06/03/2021 07:18:47,15.78,,
2612,06/03/2021 07:19:47,15.78,,
2613,06/03/2021 07:20:47,15.78,,
2614,06/03/2021 07:21:47,15.83,,
2615,06/03/2021 07:22:47,15.83,,
2616,06/03/2021 07:23:47,15.87,,
2617,06/03/2021 07:24:47,15.91,,
2618,06/03/2021 07:25:47,15.91,,
2619,06/03/2021 07:26:47,15.91,,
2620,06/03/2021 07:27:47,15.91,,
2621,06/03/2021 07:28:47,15.96,,
2622,06/03/2021 07:29:47,15.96,,
2623,06/03/2021 07:30:47,15.91,,
2624,06/03/2021 07:31:47,15.96,,
2625,06/03/2021 07:32:47,15.91,,
2626,06/03/2021 07:33:47,15.96,,
2627,06/03/2021 07:34:47,15.96,,
2628,06/03/2021 07:35:47,16.00,,
2629,06/03/2021 07:36:47,16.00,,
2630,06/03/2021 07:37:47,16.04,,
2631,06/03/2021 07:38:47,16.04,,
2632,06/03/2021 07:39:47,16.04,,
2633,06/03/2021 07:40:47,16.04,,
2634,06/03/2021 07:41:47,16.04,,
2635,06/03/2021 07:42:47,16.04,,
2636,06/03/2021 07:43:47,16.04,,
2637,06/03/2021 07:44:47,16.08,,
2638,06/03/2021 07:45:47,16.13,,
2639,06/03/2021 07:46:47,16.13,,
2640,06/03/2021 07:47:47,16.13,,
2641,06/03/2021 07:48:47,16.17,,
2642,06/03/2021 07:49:47,16.13,,
2643,06/03/2021 07:50:47,16.21,,
2644,06/03/2021 07:51:47,16.21,,
2645,06/03/2021 07:52:47,16.21,,
2646,06/03/2021 07:53:47,16.21,,
2647,06/03/2021 07:54:47,16.30,,
2648,06/03/2021 07:55:47,16.26,,
2649,06/03/2021 07:56:47,16.30,,
2650,06/03/2021 07:57:47,16.34,,
2651,06/03/2021 07:58:47,16.30,,
2652,06/03/2021 07:59:47,16.39,,
2653,06/03/2021 08:00:47,16.39,,
2654,06/03/2021 08:01:47,16.43,,
2655,06/03/2021 08:02:47,16.43,,
2656,06/03/2021 08:03:47,16.47,,
2657,06/03/2021 08:04:47,16.51,,
2658,06/03/2021 08:05:47,16.56,,
2659,06/03/2021 08:06:47,16.56,,
2660,06/03/2021 08:07:47,16.47,,
2661,06/03/2021 08:08:47,16.56,,
2662,06/03/2021 08:09:47,16.51,,
2663,06/03/2021 08:10:47,16.56,,
2664,06/03/2021 08:11:47,16.51,,
2665,06/03/2021 08:12:47,16.56,,
2666,06/03/2021 08:13:47,16.51,,
2667,06/03/2021 08:14:47,16.56,,
2668,06/03/2021 08:15:47,16.56,,
2669,06/03/2021 08:16:47,16.60,,
2670,06/03/2021 08:17:47,16.60,,
2671,06/03/2021 08:18:47,16.56,,
2672,06/03/2021 08:19:47,16.60,,
2673,06/03/2021 08:20:47,16.64,,
2674,06/03/2021 08:21:47,16.64,,
2675,06/03/2021 08:22:47,16.69,,
2676,06/03/2021 08:23:47,16.73,,
2677,06/03/2021 08:24:47,16.77,,
2678,06/03/2021 08:25:47,16.73,,
2679,06/03/2021 08:26:47,16.77,,
2680,06/03/2021 08:27:47,16.81,,
2681,06/03/2021 08:28:47,16.81,,
2682,06/03/2021 08:29:47,16.86,,
2683,06/03/2021 08:30:47,16.86,,
2684,06/03/2021 08:31:47,16.86,,
2685,06/03/2021 08:32:47,16.86,,
2686,06/03/2021 08:33:47,16.90,,
2687,06/03/2021 08:34:47,16.94,,
2688,06/03/2021 08:35:47,16.94,,
2689,06/03/2021 08:36:47,16.94,,
2690,06/03/2021 08:37:47,16.99,,
2691,06/03/2021 08:38:47,17.03,,
2692,06/03/2021 08:39:47,17.07,,
2693,06/03/2021 08:40:47,17.11,,
2694,06/03/2021 08:41:47,17.16,,
2695,06/03/2021 08:42:47,17.24,,
2696,06/03/2021 08:43:47,17.24,,
2697,06/03/2021 08:44:47,17.29,,
2698,06/03/2021 08:45:47,17.29,,
2699,06/03/2021 08:46:47,17.33,,
2700,06/03/2021 08:47:47,17.37,,
2701,06/03/2021 08:48:47,17.46,,
2702,06/03/2021 08:49:47,17.46,,
2703,06/03/2021 08:50:47,17.50,,
2704,06/03/2021 08:51:47,17.59,,
2705,06/03/2021 08:52:47,17.63,,
2706,06/03/2021 08:53:47,17.63,,
2707,06/03/2021 08:54:47,17.63,,
2708,06/03/2021 08:55:47,17.59,,
2709,06/03/2021 08:56:47,17.67,,
2710,06/03/2021 08:57:47,17.63,,
2711,06/03/2021 08:58:47,17.59,,
2712,06/03/2021 08:59:47,17.59,,
2713,06/03/2021 09:00:47,17.59,,
2714,06/03/2021 09:01:47,17.59,,
2715,06/03/2021 09:02:47,17.54,,
2716,06/03/2021 09:03:47,17.59,,
2717,06/03/2021 09:04:47,17.59,,
2718,06/03/2021 09:05:47,17.59,,
2719,06/03/2021 09:06:47,17.54,,
2720,06/03/2021 09:07:47,17.63,,
2721,06/03/2021 09:08:47,17.59,,
2722,06/03/2021 09:09:47,17.63,,
2723,06/03/2021 09:10:47,17.63,,
2724,06/03/2021 09:11:47,17.67,,
2725,06/03/2021 09:12:47,17.72,,
2726,06/03/2021 09:13:47,17.76,,
2727,06/03/2021 09:14:47,17.84,,
2728,06/03/2021 09:15:47,17.89,,
2729,06/03/2021 09:16:47,17.97,,
2730,06/03/2021 09:17:47,18.06,,
2731,06/03/2021 09:18:47,18.10,,
2732,06/03/2021 09:19:47,18.23,,
2733,06/03/2021 09:20:47,18.23,,
2734,06/03/2021 09:21:47,18.32,,
2735,06/03/2021 09:22:47,18.40,,
2736,06/03/2021 09:23:47,18.40,,
2737,06/03/2021 09:24:47,18.40,,
2738,06/03/2021 09:25:47,18.44,,
2739,06/03/2021 09:26:47,18.40,,
2740,06/03/2021 09:27:47,18.44,,
2741,06/03/2021 09:28:47,18.49,,
2742,06/03/2021 09:29:47,18.49,,
2743,06/03/2021 09:30:47,18.57,,
2744,06/03/2021 09:31:47,18.62,,
2745,06/03/2021 09:32:47,18.62,,
2746,06/03/2021 09:33:47,18.70,,
2747,06/03/2021 09:34:47,18.66,,
2748,06/03/2021 09:35:47,18.79,,
2749,06/03/2021 09:36:47,18.74,,
2750,06/03/2021 09:37:47,18.74,,
2751,06/03/2021 09:38:47,18.79,,
2752,06/03/2021 09:39:47,18.87,,
2753,06/03/2021 09:40:47,18.87,,
2754,06/03/2021 09:41:47,18.92,,
2755,06/03/2021 09:42:47,18.92,,
2756,06/03/2021 09:43:47,18.96,,
2757,06/03/2021 09:44:47,18.96,,
2758,06/03/2021 09:45:47,19.00,,
2759,06/03/2021 09:46:47,19.05,,
2760,06/03/2021 09:47:47,19.09,,
2761,06/03/2021 09:48:47,19.09,,
2762,06/03/2021 09:49:47,19.17,,
2763,06/03/2021 09:50:47,19.22,,
2764,06/03/2021 09:51:47,19.17,,
2765,06/03/2021 09:52:47,19.17,,
2766,06/03/2021 09:53:47,19.26,,
2767,06/03/2021 09:54:47,19.22,,
2768,06/03/2021 09:55:47,19.30,,
2769,06/03/2021 09:56:47,19.30,,
2770,06/03/2021 09:57:47,19.35,,
2771,06/03/2021 09:58:02,,Logged,
2772,06/03/2021 09:58:19,,Logged,Logged
